,business_hours
0,
1,"営業時間
［月～土］11:00～16:00 18:00～20:30［日］11:00～16:00
日曜営業
定休日
無休"
2,"営業時間
[月～土]11:00～15:00 (L.O 14:45)17:00～21:00 (L.O 21:00)※ただしスープが無くなり次第終了
定休日
日曜日"
3,"営業時間
［月・水・木・金］11:00～15:0018:00～20:00［土・日・祝］11:00～15:00
日曜営業
定休日
火曜日"
4,"営業時間
［月・火・木・金］11:30～14:3018:00～21:00［水］11:30～14:30［土］11:00～17:00
定休日
日曜日"
5,"営業時間
11:00〜26:00
日曜営業
定休日
年中無休"
6,"営業時間
11：30～15：0017：30～23：30
日曜営業
定休日
月曜日"
7,"営業時間
[店内営業時間]11:00～23:00（L.O 22:30）[出前館受付時間]11:00～21:00[Uber Eats受付時間]11:00～21:30
日曜営業
定休日
なし"
8,
9,"営業時間
11:00～22:00(ﾗｽﾄｵｰﾀﾞｰ閉店30分前)※臨時休や営業時間変更の場合は、HPのお知らせに掲載いたします。
日曜営業
定休日
月曜日（祝日は営業、翌日代休）"
10,"営業時間
[水～金]11:30～16:00 17:30～22:00[土･日]11:30～22:00
日曜営業
定休日
月曜日、火曜日"
11,"営業時間
10:00～22:00
日曜営業
定休日
無休"
12,
13,"営業時間
11:00～24:00"
14,"営業時間
11:00～15:0018:00～21:00(L.O.20:45)
日曜営業
定休日
木曜日(他不定休あり)"
15,"営業時間
[月～日]10:00 ～ 翌2:00(L.O.1:45)
日曜営業
定休日
施設に準ずる"
16,
17,"営業時間
11:00～翌1:00
日曜営業
定休日
月曜日"
18,"営業時間
11:00～15:0017:00～21:00
日曜営業
定休日
無休"
19,"営業時間
11:00～21:00(L.O.20:45)
日曜営業
定休日
火曜日"
20,"営業時間
ランチ　11:00～15:00ディナー　17:00～21:00
日曜営業
定休日
不定休"
21,"営業時間

日曜営業"
22,"営業時間
11:00～22:00売り切れ次第終了
日曜営業
定休日
不定休"
23,
24,
25,"営業時間
11:30～15:00
日曜営業
定休日
水曜日、第3火曜日"
26,"営業時間
10:00～24:00
日曜営業
定休日
年中無休"
27,"営業時間
11:30～15:00 19:00～23:00(L.O.22:00)
日曜営業
定休日
水曜日"
28,"営業時間
[火～日]11:00～20:00※スープが無くなり次第終了
日曜営業
定休日
月曜日"
29,"営業時間
11:00～15:00 17:00～23:00 [日・祝] 11:00～15:00 17:00～20:00 （スープが無くなり次第終了）
日曜営業
定休日
火曜日、水曜日"
30,"営業時間
営業時間・休業日は変更となる場合がございますので、HPにて最新情報をご確認ください
日曜営業
定休日
年中無休"
31,"営業時間
火曜日〜金曜日(祭日含)11：00～15:0017:00〜翌4:00(LO3:30)土曜日11:00〜翌4:00 日曜/11：00～23:00 (LO22:30)
日曜営業
定休日
月曜日(但し祭日の場合は23:00まで営業) 翌日火曜日振り替え休日"
32,
33,"営業時間
[月～土曜]11：00～22：00[日曜・祝日]11：00～21：00
日曜営業
定休日
火曜日午後(スープ切れまで)"
34,"営業時間
11:30～14:3017:00～22:30
日曜営業
定休日
月曜日"
35,"営業時間
11:30～15:00 17:00～22:30
日曜営業
定休日
水曜日"
36,"営業時間
11:00～14:3017:00～20:00
日曜営業
定休日
月曜日(祝日は営業、翌火曜日代休)"
37,"営業時間
[月～水・土・日]11:30～15:00[金]11:30～15:0017:00～22:00
日曜営業
定休日
木曜日"
38,"営業時間
11:30～15:00(L.O.15:00)18:00～2.00(L.O.1:30)
日曜営業
定休日
無休"
39,"営業時間
[月・火・木・金]11:30～15:00 18:00～21:00[水・土・祝]11:30～15:00
定休日
日曜日"
40,
41,"営業時間
11:00～20:00
日曜営業
定休日
水・木曜日"
42,"営業時間
11:00～24:00"
43,
44,
45,
