station_name,address
東京,東京都千代田区丸の内一丁目
新橋,東京都港区新橋二丁目17
品川,東京都港区高輪三丁目26-27
大崎,東京都品川区大崎一丁目21-4
五反田,東京都品川区東五反田一丁目26
目黒,東京都品川区上大崎二丁目16-9
恵比寿,東京都渋谷区恵比寿南一丁目5-5
渋谷,東京都渋谷区道玄坂一丁目1-1
原宿,東京都渋谷区神宮前一丁目18
代々木,東京都渋谷区代々木一丁目34-1
新宿,東京都新宿区新宿三丁目38-1
新大久保,東京都新宿区百人町一丁目10-15
高田馬場,東京都新宿区高田馬場一丁目35-1
目白,東京都豊島区目白三丁目3-1
池袋,東京都豊島区南池袋一丁目28-2
大塚,東京都豊島区南大塚三丁目33-1
巣鴨,東京都豊島区巣鴨一丁目16-1
駒込,東京都豊島区駒込二丁目1-1
田端,東京都北区東田端一丁目17-1
西日暮里,東京都荒川区西日暮里五丁目22-1
日暮里,東京都荒川区西日暮里二丁目19-1
鶯谷,東京都台東区根岸一丁目4-1
上野,東京都台東区上野七丁目1-1
御徒町,東京都台東区上野五丁目27
秋葉原,東京都千代田区外神田一丁目17
神田,東京都千代田区鍛冶町二丁目13-1
東京,東京都千代田区丸の内一丁目9-1
有楽町,東京都千代田区有楽町二丁目9
新橋,東京都港区新橋二丁目17
浜松町,東京都港区海岸一丁目3-1
田町,東京都港区芝五丁目33-36
高輪ゲートウェイ,港区港南二丁目10-145
品川,東京都港区高輪三丁目26-26
府中本町,府中市本町１丁目
分倍河原,府中市片町２丁目
西府,東京都府中市本宿町一丁目40-6
谷保,国立市谷保町
矢川,国立市谷保石田
西国立,立川市羽衣町１丁目
立川,東京都立川市曙町二丁目1-1
府中本町,府中市本町１丁目
北府中,府中市晴見町２丁目
西国分寺,国分寺市西恋ケ窪２丁目
新小平,小平市小川町２丁目
新秋津,東村山市秋津町５丁目
成瀬,町田市南成瀬１丁目
町田,町田市原町田１丁目
相原,町田市相原町
八王子みなみ野,八王子市宇津貫町
片倉,八王子市片倉町
八王子,東京都八王子市旭町1-1
東京,東京都千代田区丸の内一丁目
新橋,東京都港区新橋二丁目17
品川,東京都港区高輪三丁目26-26
西大井,品川区西大井１丁目
東京,東京都千代田区丸の内一丁目
四ツ谷,東京都新宿区四谷一丁目
新宿,東京都新宿区新宿三丁目38-1
吉祥寺,東京都武蔵野市吉祥寺南町
三鷹,東京都三鷹市下連雀三丁目46-1
国分寺,東京都国分寺市本町二丁目1-23
立川,東京都立川市曙町二丁目1-1
日野,日野市大坂上１丁目
豊田,日野市豊田４丁目
八王子,東京都八王子市旭町1-1
西八王子,八王子市千人町２丁目
高尾,八王子市高尾町
東京,東京都千代田区丸の内一丁目
神田,東京都千代田区鍛冶町二丁目13-1
御茶ノ水,千代田区神田駿河台２丁目
四ツ谷,東京都新宿区四谷一丁目
新宿,東京都新宿区新宿三丁目38-1
中野,中野区中野５丁目
高円寺,杉並区高円寺南４丁目
阿佐ケ谷,東京都杉並区阿佐谷南三丁目36-3
荻窪,杉並区上荻１丁目
西荻窪,杉並区西荻南３丁目
吉祥寺,東京都武蔵野市吉祥寺南町
三鷹,東京都三鷹市下連雀三丁目46-1
武蔵境,武蔵野市境１丁目
東小金井,小金井市梶野町５丁目
武蔵小金井,小金井市本町６丁目
国分寺,東京都国分寺市本町二丁目1-23
西国分寺,国分寺市西恋ケ窪２丁目
国立,国立市北１丁目
立川,東京都立川市曙町二丁目1-1
日野,日野市大坂上１丁目
豊田,日野市豊田４丁目
八王子,東京都八王子市旭町1-1
西八王子,八王子市千人町２丁目
高尾,八王子市高尾町
三鷹,東京都三鷹市下連雀三丁目46-1
吉祥寺,東京都武蔵野市吉祥寺南町
西荻窪,杉並区西荻南３丁目
荻窪,杉並区上荻１丁目
阿佐ケ谷,東京都杉並区阿佐谷南三丁目36-2
高円寺,杉並区高円寺南４丁目
中野,中野区中野５丁目
東中野,中野区東中野４丁目
大久保,新宿区百人町１丁目
新宿,東京都新宿区新宿三丁目38-1
代々木,東京都渋谷区代々木一丁目34-1
千駄ケ谷,東京都渋谷区千駄ヶ谷一丁目35-10
信濃町,新宿区信濃町
四ツ谷,東京都新宿区四谷一丁目
市ケ谷,東京都新宿区市谷田町一丁目1
飯田橋,東京都千代田区飯田橋四丁目10-2
水道橋,千代田区三崎町２丁目
御茶ノ水,千代田区神田駿河台２丁目
秋葉原,東京都千代田区外神田一丁目17-6
浅草橋,台東区浅草橋１丁目
両国,墨田区横網１丁目
錦糸町,墨田区江東橋３丁目
亀戸,江東区亀戸５丁目
平井,江戸川区平井３丁目
新小岩,葛飾区新小岩１丁目
小岩,江戸川区南小岩７丁目
東京,東京都千代田区丸の内一丁目
新日本橋,中央区日本橋室町４丁目
馬喰町,中央区日本橋馬喰町１丁目
錦糸町,墨田区江東橋３丁目
新小岩,葛飾区新小岩１丁目
立川,東京都立川市曙町二丁目1-1
西立川,立川市富士見町１丁目
東中神,昭島市玉川町１丁目
中神,昭島市朝日町１丁目
昭島,昭島市昭和町２丁目
拝島,昭島市松原町４丁目
牛浜,福生市牛浜
福生,福生市本町
河辺,青梅市河辺町５丁目
東青梅,青梅市東青梅１丁目
青梅,青梅市青梅
宮ノ平,青梅市日向和田２丁目
日向和田,青梅市日向和田３丁目
石神前,青梅市二俣尾１丁目
二俣尾,青梅市二俣尾４丁目
軍畑,青梅市沢井１丁目
沢井,青梅市沢井２丁目
御嶽,青梅市御岳本町
川井,西多摩郡奥多摩町川井
古里,西多摩郡奥多摩町小丹波
鳩ノ巣,西多摩郡奥多摩町棚沢
白丸,西多摩郡奥多摩町白丸
奥多摩,西多摩郡奥多摩町氷川
拝島,昭島市松原町４丁目
熊川,福生市熊川北
東秋留,あきる野市野辺
秋川,あきる野市油平
武蔵引田,あきる野市下引田
武蔵増戸,あきる野市伊奈
武蔵五日市,あきる野市舘谷
八王子,東京都八王子市旭町1-1
北八王子,八王子市石川町
小宮,八王子市小宮町
拝島,昭島市松原町４丁目
東福生,福生市武蔵野台１丁目
箱根ケ崎,東京都西多摩郡瑞穂町大字箱根ケ崎397
上野,東京都台東区上野七丁目1-1
尾久,北区昭和町１丁目
赤羽,北区赤羽１丁目
上野,東京都台東区上野七丁目1-1
日暮里,東京都荒川区西日暮里二丁目
三河島,荒川区西日暮里１丁目
南千住,荒川区南千住４丁目
北千住,足立区千住旭町
綾瀬,足立区綾瀬３丁目
亀有,葛飾区亀有３
金町,葛飾区金町６丁目
大崎,東京都品川区大崎一丁目21-4
恵比寿,東京都渋谷区恵比寿南一丁目5-5
渋谷,東京都渋谷区道玄坂一丁目1-1
新宿,東京都新宿区新宿三丁目38-1
池袋,東京都豊島区
板橋,板橋区板橋１丁目
十条,北区上十条１丁目
赤羽,北区赤羽１丁目
北赤羽,北区赤羽北２丁目
浮間舟渡,北区浮間４丁目
上野,東京都台東区上野七丁目1-1
尾久,北区昭和町１丁目
赤羽,北区赤羽１丁目
東京,東京都千代田区丸の内一丁目
八丁堀,中央区八丁堀３丁目
越中島,江東区越中島２丁目
潮見,江東区潮見２丁目
新木場,東京都江東区新木場一丁目5
葛西臨海公園,江戸川区臨海町６丁目
池袋,東京都豊島区南池袋一丁目28-2
新宿,東京都新宿区新宿三丁目38-1
高尾,八王子市高尾町
八王子,東京都八王子市旭町1-1
立川,東京都立川市曙町二丁目1-1
国分寺,東京都国分寺市本町二丁目
三鷹,東京都三鷹市下連雀三丁目46-1
吉祥寺,東京都武蔵野市吉祥寺南町
渋谷,東京都渋谷区道玄坂一丁目1-1
品川,東京都港区高輪三丁目26-26
東京,東京都千代田区丸の内一丁目
赤羽,北区赤羽１丁目
東十条,北区東十条３丁目
王子,北区王子１丁目
上中里,北区上中里１丁目
田端,東京都北区東田端一丁目17-1
西日暮里,東京都荒川区西日暮里五丁目22-1
日暮里,東京都荒川区西日暮里二丁目
鶯谷,東京都台東区根岸一丁目4-1
上野,東京都台東区上野七丁目1-1
御徒町,東京都台東区上野五丁目27
秋葉原,東京都千代田区外神田一丁目17-6
神田,東京都千代田区鍛冶町二丁目13-1
東京,東京都千代田区丸の内一丁目
有楽町,東京都千代田区有楽町二丁目9-17
新橋,東京都港区新橋二丁目17
浜松町,東京都港区海岸一丁目3-1
田町,東京都港区芝五丁目33-36
高輪ゲートウェイ,港区港南二丁目10-145
品川,東京都港区高輪三丁目26-26
大井町,品川区大井１丁目
大森,大田区大森北１丁目
蒲田,大田区蒲田５丁目
赤羽,北区赤羽１丁目
池袋,東京都豊島区南池袋一丁目28-2
新宿,東京都新宿区新宿三丁目38-1
渋谷,東京都渋谷区道玄坂一丁目1-1
恵比寿,東京都渋谷区恵比寿南一丁目5-5
大崎,東京都品川区大崎一丁目21-4
西大井,品川区西大井１丁目
東京,東京都千代田区丸の内一丁目9-1
上野,東京都台東区上野七丁目1-1
池袋,東京都豊島区西池袋一丁目1-21
北池袋,豊島区池袋本町１-３６-６
下板橋,豊島区池袋本町４-４３-１１
大山,板橋区大山町４-１
中板橋,板橋区弥生町３３-１
ときわ台,板橋区常盤台１-４３-１
上板橋,板橋区上板橋２-３６-７
東武練馬,板橋区徳丸２-２-１４
下赤塚,板橋区赤塚新町１-２３-１
成増,板橋区成増２-１３-１
浅草,東京都台東区花川戸一丁目4-1
とうきょうスカイツリー,墨田区押上１丁目
押上〈スカイツリー前〉,墨田区押上一丁目
曳舟,墨田区東向島２丁目
東向島,墨田区東向島４丁目
鐘ヶ淵,東京都墨田区墨田5丁目
堀切,足立区千住曙町
牛田,足立区千住曙町
北千住,足立区千住旭町
小菅,足立区足立２丁目
五反野,足立区足立３丁目
梅島,足立区梅田７丁目
西新井,足立区西新井栄町２丁目
竹ノ塚,足立区竹の塚６丁目
曳舟,墨田区東向島２丁目
小村井,墨田区文花２-２０-１
東あずま,墨田区立花４-２３-８
亀戸水神,江東区亀戸８-５-１
亀戸,江東区亀戸５丁目
西新井,足立区西新井栄町２丁目
大師前,足立区西新井１-３-１
池袋,東京都豊島区南池袋一丁目28-2
椎名町,豊島区長崎１-１-２２
東長崎,豊島区長崎５-１-１
江古田,練馬区旭丘１-７８-７
桜台,練馬区桜台１-５-１
練馬,練馬区練馬１-３-５
中村橋,練馬区中村北４-２-１
富士見台,練馬区貫井３-７-４
練馬高野台,練馬区高野台１-７-２７
石神井公園,練馬区石神井町３-２３-１０
大泉学園,練馬区東大泉１-２９-７
秋津,東村山市秋津町５-７-８
小竹向原,東京都練馬区小竹町二丁目16-15
新桜台,練馬区桜台１-２８-１１
練馬,練馬区練馬１-３-５
練馬,練馬区練馬１-３-５
豊島園,練馬区練馬４-１６-５
多摩湖,東村山市多摩湖町３-１５-１８
西武新宿,新宿区歌舞伎町１-３０-１
高田馬場,東京都新宿区高田馬場一丁目35-2
下落合,新宿区下落合１-１６-１
中井,新宿区中落合１-１９-１
新井薬師前,中野区上高田５-４３-２０
沼袋,中野区沼袋１-３５-１
野方,中野区野方６-３-３
都立家政,中野区鷺宮１-１６-１
鷺ノ宮,中野区鷺宮３-１５-１
下井草,杉並区下井草２-４４-１０
井荻,杉並区下井草５-２３-１５
上井草,杉並区上井草３-３２-１
上石神井,練馬区上石神井１-２-４５
武蔵関,練馬区関町北２-２９-１
田無,西東京市田無町４-１-１
花小金井,小平市花小金井１-１０-５
小平,小平市美園町１-３４-１
久米川,東村山市栄町２-３-１
東村山,東村山市本町２-３-３２
小平,小平市美園町１-３４-１
萩山,東村山市萩山町２-１-１
小川,小平市小川東町１-２０-１
玉川上水,立川市幸町６-３６-１
武蔵砂川,立川市上砂町５-４４-４
西武立川,立川市西砂町１-２１-２
拝島,昭島市松原町４丁目
東村山,東村山市本町２-３-３２
西武園,東村山市多摩湖町４-２９-１
国分寺,東京都国分寺市本町二丁目1-23
恋ヶ窪,東京都国分寺市戸倉一丁目1-4
鷹の台,小平市たかの台４５-４
小川,小平市小川東町１-２０-１
東村山,東村山市本町２-３-３２
国分寺,東京都国分寺市本町二丁目1-23
一橋学園,小平市学園西町２-１-１
青梅街道,小平市小川町２-１８４６
萩山,東村山市萩山町２-１-１
八坂,東村山市栄町３-１８-１
武蔵大和,東村山市廻田町３-９-１９
多摩湖,東村山市多摩湖町３-１５-１８
武蔵境,武蔵野市境１丁目
新小金井,小金井市東町４-２４-１
多磨,府中市紅葉丘３-４２-２
白糸台,府中市白糸台２-７１-６
競艇場前,府中市小柳町４-１０-１１
是政,府中市是政５-８-２
京成上野,東京都台東区上野公園1-60
日暮里,東京都荒川区西日暮里二丁目
新三河島,荒川区西日暮里６-２-１
町屋,荒川区町屋１丁目
千住大橋,足立区千住橋戸町１１-１
京成関屋,足立区千住曙町２-２
堀切菖蒲園,葛飾区堀切５-１-１
お花茶屋,葛飾区宝町２-３７-１
青砥,東京都葛飾区青戸三丁目36番1号
京成高砂,東京都葛飾区高砂五丁目28-1
京成小岩,江戸川区北小岩２-１０-９
江戸川,江戸川区北小岩３-２４-１５
押上（スカイツリー前）,墨田区押上一丁目
京成曳舟,墨田区京島１-３９-１
八広,墨田区八広６-２５-２０
四ツ木,葛飾区四つ木１-１-１
京成立石,葛飾区立石４-２４-１
青砥,東京都葛飾区青戸三丁目36番1号
京成高砂,東京都葛飾区高砂五丁目28-1
京成高砂,東京都葛飾区高砂五丁目28-1
柴又,葛飾区柴又４-８-１４
京成金町,葛飾区金町５-３７-９
京成上野,東京都台東区上野公園1-60
日暮里,東京都荒川区西日暮里二丁目19-1
青砥,東京都葛飾区青戸三丁目36番1号
京成高砂,東京都葛飾区高砂五丁目28-1
新宿,東京都新宿区西新宿一丁目1-4
笹塚,渋谷区笹塚１-５６-７
代田橋,世田谷区大原２-１８-９
明大前,世田谷区松原２-４５-１
下高井戸,世田谷区松原３-２９-１７
桜上水,世田谷区桜上水５-２９-５２
上北沢,世田谷区上北沢４-１４-３
八幡山,杉並区上高井戸１-１-１１
芦花公園,世田谷区南烏山３-１-１６
千歳烏山,世田谷区南烏山６-１-１
仙川,調布市仙川町１-４３
つつじヶ丘,東京都調布市西つつじヶ丘三丁目35-1
柴崎,調布市菊野台２-６７-１１
国領,調布市国領町３-１８-１
布田,調布市国領町５-６７-１
調布,調布市布田４-３２-１
西調布,調布市上石原１-２５-１７
飛田給,調布市飛田給１-４２-１１
武蔵野台,府中市白糸台４-１８-４
多磨霊園,府中市清水が丘３-２６-１１
東府中,府中市清水が丘１-８-３
府中,府中市宮町１-１-１０
分倍河原,府中市片町２丁目
中河原,府中市住吉町２-１-１６
百草園,日野市百草２０９
高幡不動,日野市高幡１３９
南平,日野市南平６-９-３１
平山城址公園,日野市平山５-１８-１０
長沼,八王子市長沼町７００
北野,八王子市打越町３３５-１
京王八王子,八王子市明神町３-２７-１
調布,調布市布田４-３２-１
京王多摩川,調布市多摩川４-４０-１
京王堀之内,八王子市堀之内３-２４-４
南大沢,八王子市南大沢２-１-６
多摩境,町田市小山町２７１８-１
北野,八王子市打越町３３５-１
京王片倉,八王子市片倉町３４-９
山田,八王子市緑町４３４
めじろ台,八王子市めじろ台１-１００-１
狭間,八王子市東浅川町７７３
高尾,八王子市高尾町
高尾山口,八王子市高尾町２２４１
東府中,府中市清水が丘１-８-３
府中競馬正門前,府中市八幡町１-１８
高幡不動,日野市高幡１３９
多摩動物公園,日野市程久保３-３６-３９
渋谷,東京都渋谷区道玄坂一丁目4-1
神泉,渋谷区神泉町４-６
駒場東大前,目黒区駒場３-９-１
池ノ上,世田谷区代沢２-４３-８
下北沢,世田谷区北沢２丁目
新代田,世田谷区代田５-３０-１８
東松原,世田谷区松原５-２-６
明大前,世田谷区松原２-４５-１
永福町,杉並区永福２-６０-３１
西永福,杉並区永福３-３６-１
浜田山,杉並区浜田山３-３１-２
高井戸,杉並区高井戸西２-１-２６
富士見ヶ丘,東京都杉並区久我山五丁目1番25号
久我山,杉並区久我山４-１-１１
三鷹台,三鷹市井の頭１-３２-１
井の頭公園,三鷹市井の頭３-３５-１２
吉祥寺,東京都武蔵野市吉祥寺南町
新線新宿,東京都新宿区西新宿一丁目18
初台,渋谷区初台１-５３-７
幡ヶ谷,東京都渋谷区幡ヶ谷一丁目
笹塚,渋谷区笹塚１-５６-７
新宿,東京都新宿区西新宿一丁目1-3
南新宿,渋谷区代々木２丁目
参宮橋,渋谷区代々木４丁目
代々木八幡,渋谷区代々木５丁目
代々木上原,渋谷区西原３丁目
東北沢,世田谷区北沢３丁目
下北沢,世田谷区北沢２丁目
世田谷代田,世田谷区代田２丁目
梅ヶ丘,東京都世田谷区梅丘
豪徳寺,世田谷区豪徳寺１丁目
経堂,世田谷区経堂１丁目
千歳船橋,世田谷区船橋１丁目
祖師ヶ谷大蔵,東京都世田谷区祖師谷1丁目
成城学園前,世田谷区成城６丁目
喜多見,世田谷区喜多見９丁目
鶴川,町田市能ケ谷町
玉川学園前,町田市玉川学園２丁目
町田,町田市原町田１丁目
渋谷,東京都渋谷区渋谷二丁目24-1
代官山,渋谷区代官山町１９-４
中目黒,目黒区上目黒３-４-１
祐天寺,目黒区祐天寺２-１３-３
学芸大学,目黒区鷹番３-２-１
都立大学,目黒区中根１-５-１
自由が丘,目黒区自由が丘１-３０-１
田園調布,大田区田園調布３-２５-１８
多摩川,大田区田園調布１-５３-８
目黒,東京都品川区上大崎四丁目2-1
不動前,品川区西五反田５-１２-１
武蔵小山,品川区小山３-４-８
西小山,品川区小山６-３-１０
洗足,目黒区洗足２-２１-１
大岡山,大田区北千束３-２７-１
奥沢,世田谷区奥沢３-４７-１７
田園調布,大田区田園調布３-２５-１８
多摩川,大田区田園調布１-５３-８
渋谷,東京都渋谷区道玄坂二丁目1-1
池尻大橋,世田谷区池尻３-２
三軒茶屋,世田谷区太子堂４-２１-１
駒沢大学,世田谷区上馬４-３
桜新町,世田谷区桜新町２-８
用賀,世田谷区用賀２-３９
二子玉川,世田谷区玉川２-２２-１３
つくし野,町田市つくし野４-１
すずかけ台,町田市つくし野３-１
南町田グランベリーパーク,町田市鶴間３-３-２
大井町,品川区大井１丁目
下神明,品川区西品川１-２９-６
戸越公園,品川区戸越５-１０-１５
中延,品川区中延４-５-５
荏原町,品川区中延５-２-１
旗の台,品川区旗の台２-１３-１
北千束,大田区北千束２-１６-１
大岡山,大田区北千束３-２７-１
緑が丘,目黒区緑が丘３-１-１２
自由が丘,目黒区自由が丘１-３０-１
九品仏,世田谷区奥沢７-２０-１
尾山台,世田谷区等々力５-５-７
等々力,世田谷区等々力３-１-１
上野毛,世田谷区上野毛１-２６-６
二子玉川,世田谷区玉川２-２２-１３
五反田,東京都品川区東五反田二丁目1-1
大崎広小路,品川区大崎４-１-１
戸越銀座,品川区平塚２-１６-１
荏原中延,品川区中延２-８-１
旗の台,品川区旗の台２-１３-１
長原,大田区上池台１-１０-１０
洗足池,大田区東雪谷１-１-６
石川台,大田区東雪谷２-２３-１
雪が谷大塚,大田区南雪谷２-２-１６
御嶽山,大田区北嶺町３２-１７
久が原,大田区南久が原２-６-１０
千鳥町,大田区千鳥１-２０-１
池上,大田区池上６-３-１０
蓮沼,大田区西蒲田７-１７-１
蒲田,大田区蒲田５丁目
多摩川,大田区田園調布１-５３-８
沼部,大田区田園調布本町２８-１
鵜の木,大田区鵜の木２-４-１
下丸子,大田区下丸子３-７-１
武蔵新田,大田区矢口１-１８-１
矢口渡,大田区多摩川１-２０-１５
蒲田,大田区蒲田５丁目
三軒茶屋,世田谷区太子堂４-２１-１
西太子堂,世田谷区太子堂４-１０-３
若林,世田谷区若林４-３-１５
松陰神社前,世田谷区若林４-２１-１６
世田谷,世田谷区世田谷４-９-６
上町,世田谷区世田谷３-４-３
宮の坂,世田谷区宮坂１-２４-７
山下,世田谷区豪徳寺１-４４-５
松原,世田谷区松原４-１０-８
下高井戸,世田谷区松原３-２９-１７
泉岳寺,港区高輪２-１６-３４
品川,東京都港区高輪三丁目26-26
北品川,品川区北品川１-１-４
新馬場,品川区北品川２-１８-１
青物横丁,品川区南品川３-１-２０
鮫洲,品川区東大井１-２-２０
立会川,品川区東大井２-２３-１
大森海岸,品川区南大井３-３２-１
平和島,大田区大森北６-１３-１１
大森町,大田区大森西３-２４-７
梅屋敷,大田区蒲田２-２８-１
京急蒲田,大田区蒲田４-５０-１０
雑色,大田区仲六郷２-４２-１
六郷土手,大田区仲六郷４-２７-１１
京急蒲田,大田区蒲田４-５０-１０
糀谷,大田区西糀谷４-１３-１７
大鳥居,大田区西糀谷３-３７-１８
穴守稲荷,大田区羽田４-６-１１
天空橋,大田区羽田空港１-１-２
羽田空港第3ターミナル,東京都大田区羽田空港二丁目6番5号
羽田空港第1・第2ターミナル,大田区羽田空港３-３-４
浅草,東京都台東区浅草一丁目1-3
田原町,台東区西浅草１-１-１８
稲荷町,台東区東上野３-３３-１１
上野,東京都台東区東上野三丁目19-6
上野広小路,台東区上野３-２９-３
末広町,千代田区外神田４-７-３
神田,東京都千代田区神田須田町一丁目16
三越前,中央区日本橋室町１-８-１
日本橋,中央区日本橋１丁目
京橋,中央区京橋２-２-１０
銀座,中央区銀座４-１-２
新橋,東京都港区新橋二丁目17-5
虎ノ門,港区虎ノ門１-１-２１
溜池山王,千代田区永田町２-１１-１
赤坂見附,港区赤坂３-１-６
青山一丁目,港区南青山１-１-１９
外苑前,港区北青山２-７-１６
表参道,港区北青山３丁目
渋谷,東京都渋谷区道玄坂一丁目1-1
池袋,東京都豊島区南池袋一丁目28-1
新大塚,文京区大塚４-５１-５
茗荷谷,文京区小日向４-６-１５
後楽園,文京区春日１-２-３
本郷三丁目,文京区本郷２-３９-１
御茶ノ水,千代田区神田駿河台２丁目
淡路町,千代田区神田淡路町１-２
大手町,千代田区大手町１丁目
東京,東京都千代田区丸の内一丁目
銀座,中央区銀座４-１-２
霞ケ関,千代田区霞が関２丁目
国会議事堂前,千代田区永田町１丁目
赤坂見附,港区赤坂３-１-６
四ツ谷,新宿区四谷１丁目
四谷三丁目,新宿区四谷３-８
新宿御苑前,新宿区新宿１-８-１
新宿三丁目,新宿区新宿３-１４-１
新宿,東京都新宿区西新宿一丁目西口地下街1号
西新宿,新宿区西新宿６-７-５１
中野坂上,中野区中央２-１-２
新中野,中野区中央４-２-１５
東高円寺,杉並区和田３-５５-４２
新高円寺,杉並区高円寺南２-２０-１
南阿佐ケ谷,杉並区阿佐谷南１-１５-７
荻窪,杉並区上荻１丁目
中野新橋,中野区弥生町２-２６-８
中野富士見町,中野区弥生町５-２４-４
方南町,杉並区堀ノ内１-１-１
北千住,足立区千住旭町
南千住,荒川区南千住４丁目
三ノ輪,台東区三ノ輪２-１４-７
入谷,台東区入谷１-６-４
上野,東京都台東区東上野三丁目19-6
仲御徒町,台東区上野５-２４-１２
秋葉原,東京都千代田区神田佐久間町一丁目21
小伝馬町,中央区日本橋小伝馬町１１-１
人形町,中央区日本橋人形町２-６-５
茅場町,中央区日本橋茅場町１-４-６
八丁堀,中央区八丁堀３丁目
築地,中央区築地３-１５-１
東銀座,中央区銀座４-１２-１５
銀座,中央区銀座４-１-２
日比谷,千代田区有楽町１丁目
霞ケ関,千代田区霞が関２丁目
虎ノ門ヒルズ,港区虎ノ門一丁目22-12
神谷町,港区虎ノ門５-１２-１１
六本木,港区六本木６-１-２５
広尾,港区南麻布５-１０-２８
恵比寿,東京都渋谷区恵比寿南一丁目5-5
中目黒,目黒区上目黒３-４-１
中野,中野区中野５丁目
落合,新宿区上落合２-１３-７
高田馬場,東京都新宿区高田馬場一丁目35-1
早稲田,東京都新宿区早稲田南町12
神楽坂,新宿区矢来町１１２
飯田橋,東京都千代田区飯田橋四丁目10-3
九段下,千代田区九段南１-６-１
竹橋,千代田区一ツ橋１-１-１
大手町,千代田区大手町１丁目
日本橋,中央区日本橋１丁目
茅場町,中央区日本橋茅場町１-４-６
門前仲町,江東区門前仲町１丁目
木場,江東区木場５-５-１
東陽町,江東区東陽４-２-１
南砂町,江東区南砂３-１１-８５
西葛西,江戸川区西葛西６-１４-１
葛西,江戸川区中葛西５-４３-１１
北綾瀬,足立区谷中２丁目
綾瀬,足立区綾瀬３丁目
北千住,足立区千住旭町
町屋,荒川区町屋１丁目
西日暮里,東京都荒川区西日暮里五丁目14-1
千駄木,文京区千駄木２丁目
根津,文京区根津１丁目
湯島,文京区湯島３丁目
新御茶ノ水,千代田区神田駿河台３丁目
大手町,千代田区大手町１丁目
二重橋前,千代田区丸の内２丁目
日比谷,千代田区有楽町１丁目
霞ケ関,千代田区霞が関２丁目
国会議事堂前,千代田区永田町１丁目
赤坂,港区赤坂５丁目
乃木坂,港区南青山１丁目
表参道,港区北青山３丁目
明治神宮前〈原宿〉,渋谷区神宮前１丁目
代々木公園,渋谷区富ケ谷１丁目
代々木上原,渋谷区西原３丁目
地下鉄成増,東京都板橋区成増二丁目11-3
地下鉄赤塚,東京都練馬区北町八丁目37-16
平和台,東京都練馬区早宮2-17-48
氷川台,東京都練馬区氷川台三丁目38-18
小竹向原,東京都練馬区小竹町二丁目16-15
千川,東京都豊島区要町三丁目10-7
要町,東京都豊島区要町一丁目1-10
池袋,東京都豊島区西池袋三丁目28-14
東池袋,東京都豊島区東池袋四丁目4-4
護国寺,東京都文京区大塚五丁目40-8
江戸川橋,東京都文京区関口一丁目19-6
飯田橋,東京都新宿区神楽坂一丁目13
市ケ谷,東京都新宿区市谷田町一丁目1
麹町,東京都千代田区麹町三丁目2
永田町,東京都千代田区永田町一丁目11-28
桜田門,東京都千代田区霞が関二丁目1-1
有楽町,東京都千代田区有楽町一丁目11-1
銀座一丁目,東京都中央区銀座一丁目7-12
新富町,東京都中央区築地一丁目1-1
月島,東京都中央区月島一丁目3-9
豊洲,東京都江東区豊洲四丁目1-1
辰巳,東京都江東区辰巳一丁目1-44
新木場,東京都江東区新木場一丁目6
渋谷,東京都渋谷区道玄坂二丁目1-1
表参道,港区北青山３丁目
青山一丁目,港区南青山１-１-１９
永田町,東京都千代田区永田町一丁目11-29
半蔵門,千代田区麹町１-６
九段下,千代田区九段南１-６-１
神保町,千代田区神田神保町２-２
大手町,千代田区大手町１丁目
三越前,中央区日本橋室町１-８-１
水天宮前,中央区日本橋蛎殻町２-１-１
清澄白河,江東区白河１-７-１４
住吉,江東区住吉２-２３-１２
錦糸町,墨田区江東橋３丁目
押上〈スカイツリー前〉,墨田区押上一丁目
赤羽岩淵,北区赤羽１-５２-８
志茂,北区志茂２-１-１８
王子神谷,北区王子５-２-１１
王子,北区王子１丁目
西ケ原,東京都北区西ヶ原二丁目3-8
駒込,東京都豊島区駒込二丁目
本駒込,文京区向丘２-３７-１
東大前,文京区向丘１-１９-２
後楽園,文京区春日１-２-３
飯田橋,東京都新宿区神楽坂一丁目13
市ケ谷,東京都千代田区五番町2-1
四ツ谷,新宿区四谷１丁目
永田町,東京都千代田区永田町一丁目11-28
溜池山王,千代田区永田町２-１１-１
六本木一丁目,港区六本木１-４-１
麻布十番,港区麻布十番４-４-９
白金高輪,港区高輪１-３-２０
白金台,港区白金台３-２
目黒,東京都品川区上大崎四丁目2-1
地下鉄成増,東京都板橋区成増二丁目11-3
地下鉄赤塚,東京都練馬区北町八丁目37-16
平和台,東京都練馬区早宮2-17-48
氷川台,東京都練馬区氷川台三丁目38-18
小竹向原,東京都練馬区小竹町二丁目16-15
千川,東京都豊島区要町三丁目10-7
要町,東京都豊島区要町一丁目1-10
池袋,東京都豊島区南池袋一丁目28-1
雑司が谷,豊島区雑司が谷二丁目
西早稲田,新宿区西早稲田二丁目
東新宿,新宿区新宿７-２７-３
新宿三丁目,新宿区新宿３-１４-１
北参道,渋谷区千駄ヶ谷４丁目
明治神宮前〈原宿〉,渋谷区神宮前１丁目
渋谷,東京都渋谷区道玄坂二丁目1-1
新宿,東京都新宿区新宿三丁目38-1
渋谷,東京都渋谷区道玄坂一丁目1-1
恵比寿,東京都渋谷区恵比寿南一丁目5-5
大崎,東京都品川区大崎一丁目21-4
西大井,品川区西大井１丁目
都庁前,新宿区西新宿２-８-１
新宿西口,新宿区西新宿１-３-１７
東新宿,新宿区新宿７-２７-３
若松河田,新宿区河田町１０-１０
牛込柳町,新宿区原町２-３２
牛込神楽坂,新宿区箪笥町１５
飯田橋,東京都文京区後楽一丁目9-5
春日,文京区春日１-１６-１７
本郷三丁目,文京区本郷２-３９-１
上野御徒町,台東区上野５-２６-６
新御徒町,台東区元浅草１-５-２
蔵前,台東区蔵前２-３-１
両国,墨田区横網１丁目
森下,江東区森下２-１７-１７
清澄白河,江東区白河１-７-１４
門前仲町,江東区門前仲町１丁目
月島,東京都中央区月島一丁目3-9
勝どき,中央区勝どき２-１０-１５
築地市場,中央区築地５-１-２
汐留,港区東新橋１丁目５
大門,港区浜松町１-２７-１２
赤羽橋,港区東麻布１-２８-１３
麻布十番,港区麻布十番４-４-９
六本木,港区六本木６-１-２５
青山一丁目,港区南青山１-１-１９
国立競技場,新宿区霞ケ丘町１０-３
代々木,東京都渋谷区代々木一丁目35-5
新宿,東京都渋谷区代々木二丁目1-1
西新宿五丁目,新宿区西新宿５-２５-９
中野坂上,中野区中央２-１-２
東中野,中野区東中野４丁目
中井,新宿区中落合１-１９-１
落合南長崎,新宿区西落合３-１-１８
新江古田,中野区江原町２-２９-１３
練馬,練馬区練馬１-３-５
豊島園,練馬区練馬４-１６-５
練馬春日町,練馬区春日町３-２９-２５
光が丘,練馬区光が丘２-９-５
西馬込,大田区西馬込２-１-６
馬込,大田区北馬込２-３１-９
中延,品川区中延４-５-５
戸越,品川区戸越３-４-１７
五反田,東京都品川区東五反田一丁目26-14
高輪台,港区白金台２-２６-７
泉岳寺,港区高輪２-１６-３４
三田,港区芝５-３４-１０
大門,港区浜松町１-２７-１２
新橋,東京都港区新橋二丁目21-1
東銀座,中央区銀座４-１２-１５
宝町,中央区京橋２-１３-１１
日本橋,中央区日本橋１丁目
人形町,中央区日本橋人形町２-６-５
東日本橋,中央区東日本橋３-１１-８
浅草橋,台東区浅草橋１丁目
蔵前,台東区蔵前２-３-１
浅草,東京都台東区駒形一丁目12-14
本所吾妻橋,墨田区吾妻橋３-７-１６
押上（スカイツリー前）,墨田区押上一丁目
目黒,東京都品川区上大崎四丁目2-1
白金台,港区白金台３-２
白金高輪,港区高輪１-３-２０
三田,港区芝５-３４-１０
芝公園,港区芝公園４-８-１４
御成門,港区西新橋３-２４-６
内幸町,千代田区内幸町２-２-３
日比谷,千代田区有楽町１丁目
大手町,千代田区大手町１丁目
神保町,千代田区神田神保町２-２
水道橋,千代田区三崎町２丁目
春日,文京区春日１-１６-１７
白山,文京区白山５-３６-１０
千石,文京区千石１-２９-１３
巣鴨,東京都豊島区巣鴨三丁目27-7
西巣鴨,豊島区西巣鴨３-２５-１３
新板橋,板橋区板橋１-５３-１７
板橋区役所前,板橋区板橋２-６６-１７
板橋本町,板橋区大和町１７-１
本蓮沼,板橋区蓮沼町１９-８
志村坂上,板橋区志村１-１４-１３
志村三丁目,板橋区志村３-２３-１
蓮根,板橋区蓮根２-３１-３０
西台,板橋区高島平９-１-１
高島平,板橋区高島平８-２-１
新高島平,板橋区高島平７-１
西高島平,板橋区高島平６-１
新宿,東京都新宿区西新宿一丁目18
新宿三丁目,新宿区新宿３-１４-１
曙橋,新宿区住吉町７-１
市ヶ谷,東京都新宿区市谷田町一丁目1
九段下,千代田区九段南１-６-１
神保町,千代田区神田神保町２-２
小川町,千代田区神田小川町１-６
岩本町,千代田区神田岩本町１
馬喰横山,中央区日本橋横山町４-１３
浜町,中央区日本橋浜町２-５９-３
森下,江東区森下２-１７-１７
菊川,墨田区菊川３-１６-２
住吉,江東区住吉２-２３-１２
西大島,江東区大島２-４１-１９
大島,江東区大島５-１０-８
東大島,江東区大島９-３-１４
船堀,江戸川区船堀３-６-１
一之江,江戸川区春江町４-２
瑞江,江戸川区瑞江２-２-１
篠崎,江戸川区篠崎町７-２７-１
三ノ輪橋,荒川区南千住１
荒川一中前,荒川区南千住１-１
荒川区役所前,荒川区荒川１
荒川二丁目,荒川区荒川２
荒川七丁目,荒川区荒川７
町屋駅前,荒川区荒川７
町屋二丁目,荒川区荒川６
東尾久三丁目,荒川区東尾久３
熊野前,荒川区東尾久５
宮ノ前,荒川区東尾久５
小台,荒川区西尾久５
荒川遊園地前,荒川区西尾久５
荒川車庫前,荒川区西尾久７
梶原,北区堀船３
栄町,北区栄町
王子駅前,北区王子１
飛鳥山,北区滝野川１
滝野川一丁目,北区滝野川１
西ヶ原四丁目,東京都北区西ヶ原四丁目
新庚申塚,豊島区西巣鴨４
庚申塚,豊島区西巣鴨３
巣鴨新田,豊島区西巣鴨１
大塚駅前,豊島区南大塚３
向原,豊島区南大塚３
東池袋四丁目,豊島区東池袋５
都電雑司ヶ谷,東京都豊島区南池袋
鬼子母神前,豊島区雑司が谷２
学習院下,豊島区高田２
面影橋,新宿区西早稲田３
早稲田,東京都新宿区西早稲田一丁目
赤羽岩淵,北区赤羽１-５２-８
秋葉原,東京都千代田区神田佐久間町一丁目6-10
新御徒町,台東区元浅草１-５-２
浅草,東京都台東区西浅草三丁目1-11
南千住,荒川区南千住４丁目
北千住,足立区千住旭町
青井,足立区青井三丁目
六町,足立区六町四丁目
新橋,東京都港区東新橋一丁目5-13
汐留,港区東新橋１丁目５
竹芝,港区海岸１-１３-１０
日の出,港区海岸２-７-６８
芝浦ふ頭,港区海岸３-２２-１２
お台場海浜公園,港区台場２-３
台場,港区台場２-６
東京国際クルーズターミナル,江東区青海1丁目1-49
テレコムセンター,江東区青海２-２９
青海,江東区青海１
東京ビッグサイト,江東区有明三丁目6-15
有明,江東区有明２-５
有明テニスの森,江東区有明１丁目
市場前,江東区豊洲６丁目
新豊洲,江東区豊洲６丁目
豊洲,東京都江東区豊洲二丁目2
松が谷,八王子市松が谷４０
大塚・帝京大学,八王子市大塚１４７３
中央大学・明星大学,八王子市東中野７４２
多摩動物公園,日野市程久保３-３６-３９
程久保,日野市程久保８-１
高幡不動,日野市高幡１３９
万願寺,日野市新井１２４
甲州街道,日野市日野１０３０
柴崎体育館,立川市柴崎町６-１０７
立川南,立川市柴崎町３-７
立川北,立川市曙町２-４
高松,立川市高松町１-１００
立飛,立川市泉町９３５
泉体育館,立川市泉町８４１
砂川七番,立川市幸町５-１
玉川上水,立川市幸町６-３６-１
浜松町,東京都港区浜松町二丁目4-12
天王洲アイル,品川区東品川２-５-１９
大井競馬場前,品川区勝島２-２-３５
流通センター,大田区平和島６-１-２
昭和島,大田区昭和島２-２-１
整備場,大田区羽田空港１-７-４
天空橋,大田区羽田空港１-１-２
羽田空港第3ターミナル,東京都大田区羽田空港二丁目6-5
新整備場,大田区羽田空港３-５-１
羽田空港第1ターミナル,大田区羽田空港３-３-２
羽田空港第2ターミナル,大田区羽田空港３-４-２
新木場,東京都江東区新木場一丁目6
東雲,江東区東雲２-８-１０
国際展示場,江東区有明２-５-２５
東京テレポート,江東区青海１-２
天王洲アイル,品川区東品川２-５-１９
品川シーサイド,品川区東品川４-１２-２２
大井町,品川区大井１丁目
大崎,東京都品川区大崎一丁目21-4
京成高砂,東京都葛飾区高砂五丁目28-1
新柴又,葛飾区柴又５-７-１
日暮里,東京都荒川区西日暮里二丁目19-1
西日暮里,東京都荒川区西日暮里五丁目31-7
赤土小学校前,荒川区東尾久４-７-７
熊野前,荒川区東尾久５
足立小台,足立区小台１-２０-１
扇大橋,足立区扇２-２５-７
高野,足立区扇２-４５-１
江北,足立区江北４-３０-２７
西新井大師西,足立区江北６-３０-２３
谷在家,足立区谷在家３-２０-２３
舎人公園,足立区舎人公園１-１０
舎人,足立区舎人１-１６-１５
見沼代親水公園,足立区舎人２-２１-１３
