セルフ＆カーケアステーション芝浦 / コスモ石油販売(株),東京都港区芝浦3-17-12,24時間営業
カーウォッシュ亀有SS / (株)ENEOSウイング,東京都足立区東和5-8-8,07:00 - 21:00
セルフ＆カーケアステーション千歳船橋 / コスモ石油販売(株),東京都世田谷区船橋6-3-4,24時間営業
セルフ＆カーケアステーション光が丘 / コスモ石油販売(株),東京都練馬区田柄5-9-1,24時間営業
セルフ＆カーケアステーション弁天通り / コスモ石油販売(株),東京都国分寺市西町5-23-2,24時間営業
セルフ＆カーケアステーション東大和仲原 / コスモ石油販売(株),東京都東大和市仲原3-19-1,24時間営業
セルフ＆カーケアステーション瑞穂 / コスモ石油販売(株),東京都西多摩郡瑞穂町大字二本木445-1,24時間営業
セルフ＆カーケアステーション八王子堀之内 / コスモ石油販売(株),東京都八王子市堀之内880-2,24時間営業
昭島中央 / コスモ石油販売(株),東京都昭島市昭和町1-7-6,08:00 - 19:00
東京平和島TS / (株)ENEOSウイング,東京都大田区平和島3-1-25,24時間営業
セルフ＆カーケアステーション日野多摩平 / コスモ石油販売(株),東京都日野市多摩平6-8-8,24時間営業
洗足池SS / 中央石油(株),東京都大田区南千束1-12-1,08:00 - 22:00
駒込富士前SS / コスモ石油販売(株),東京都文京区本駒込3-30-2,08:00 - 19:00
セルフ＆カーケアステーション中野哲学堂 / コスモ石油販売(株),東京都中野区江古田1-7-3,24時間営業
 セルフ＆カーケアステーション東大和 / コスモ石油販売(株),東京都東大和市立野3-1195-1,08:00 - 19:00
セルフ＆カーケアステーション小金井 / コスモ石油販売(株),東京都小金井市中町2-11-5,24時間営業
ルート16箱根ケ崎 / コスモ石油販売(株),東京都西多摩郡瑞穂町箱根ケ崎東松原6-14,08:00 - 19:00
セルフ＆カーケアステーション滝山 / コスモ石油販売(株),東京都東久留米市滝山1-1-21,24時間営業
セルフ＆カーケアステーション羽村 / コスモ石油販売(株),東京都羽村市羽西1-12-1,24時間営業
菊川SS / (株)ENEOSウイング,東京都墨田区菊川3-22-8,08:00 - 19:00
八王子ニュータウンSS / ネクサスエナジー(株),東京都八王子市小比企町1137-1,06:00 - 22:00
セルフ＆カーケアステーション伊奈平 / コスモ石油販売(株),東京都武蔵村山市伊奈平5-61-1,24時間営業
板橋TS / (株)ENEOSウイング,東京都板橋区高島平6-1-1,24時間営業
セルフ堀之内 / 中央石油(株),東京都八王子市堀之内2-1-4,04:00 - 26:00
山崎団地SS / ネクサスエナジー(株),東京都町田市本町田3160,24時間営業
立川南SS / ネクサスエナジー(株),東京都立川市柴崎町6-17-11,24時間営業
新木場TS / (株)ENEOSウイング,東京都江東区新砂1-13-18,08:00 - 20:00
セルフ用賀 / 中央石油(株),東京都世田谷区上用賀6-26-11,04:00 - 26:00
セルフ金井 / 中央石油(株),東京都町田市金井ヶ丘2-23-13,04:00 - 26:00
セルフ＆カーケアステーションすずかけ通り / コスモ石油販売(株),東京都立川市柏町1-28-3,24時間営業
八王子日吉町 / コスモ石油販売(株),東京都八王子市日吉町17-7,08:00 - 19:00
神代SS / ネクサスエナジー(株),東京都調布市菊野台3-9-7,08:00 - 20:00
厩橋SS / (株)ENEOSウイング,東京都墨田区本所1-24-10,08:00 - 20:00
日野万願寺SS / ネクサスエナジー(株),東京都日野市石田2-2-5,24時間営業
多摩公園SS / ネクサスエナジー(株),東京都多摩市落合2-1-1,08:00 - 21:00
早稲田SS / ネクサスエナジー(株),東京都新宿区西早稲田2-2-2,08:00 - 19:00
西立川SS / ネクサスエナジー(株),東京都昭島市東町3-5-17,07:00 - 22:00
オブリステーション大泉 / 三愛リテールサービス(株),東京都練馬区大泉学園町4-20-16,24時間営業
小菅SS / 日東鉱油(有),東京都葛飾区小菅3-11-12,07:00 - 20:30
セルフ八広 / SKM(株),東京都墨田区八広4-29-8,07:00 - 21:00
セルフ竹ノ塚 / (株)三京石油販売,東京都足立区東伊興1-3-8,24時間営業
ニコニコステーション堀之内 / (株)MIC,東京都八王子市堀之内2-12-3,07:00 - 21:00
秋留台SS / (有)杉田燃料店,東京都あきる野市二宮669-5,07:00 - 21:00
環七本一色SS / 太陽鉱油(株),東京都江戸川区本一色3-42,24時間営業
東京ゲートブリッジSS / 太陽鉱油(株),東京都江東区新木場1-10-15,24時間営業
城南島SS / 太陽鉱油(株),東京都大田区城南島7-1-5,24時間営業
セルフ篠崎 / (株)三京石油販売,東京都江戸川区篠崎町3-23-8,24時間営業
本田SS / 大成砿油(株),東京都葛飾区四つ木4-30-22,08:00 - 20:00
北斎通りSS / 大成砿油(株),東京都墨田区亀沢3-10-6,08:00 - 19:00
玉川SS / 大同興業(株),東京都世田谷区野毛3-21-11,
オートジョイセルフ河辺SS / 垣見油化(株),東京都青梅市河辺町10-5-10,08:00 - 20:00
Dr.Drive セルフ仙川SS / 二引(株),東京都調布市仙川町2-19-5,24時間営業
Dr.Drive 赤堤SS / 日新商事(株),東京都世田谷区赤堤3-24-21,08:00 - 20:00
Dr.Drive 飛鳥山SS / 日新商事(株),東京都北区滝野川3-55-12,08:00 - 20:00
Dr.Drive セルフ昭島SS / 日新商事(株),東京都昭島市昭和町1-3-13,24時間営業
Dr.Drive 高樹町SS / 山文商事(株),東京都港区南青山7-2-3,24時間営業
Dr.Drive 中野通りSS / 日新商事(株),東京都中野区弥生町4-26-6,08:00 - 21:00
Dr.Drive セルフ赤羽SS / 日新商事(株),東京都北区志茂5-5-2,24時間営業
Dr.Drive 駒沢通り八雲SS / 日新商事(株),東京都目黒区八雲4-11-17,08:00 - 20:00
セルフ八王子高倉SS / 日新商事(株),東京都八王子市高倉町51-9,24時間営業
羽村ニュータウンSS / (株)NSコーポレーション,東京都羽村市栄町2-9-23,08:00 - 20:00
オートジョイ八王子SS / 垣見油化(株),東京都八王子市楢原町436-3,08:00 - 20:00
Dr.Drive セルフ田園調布南SS / 日新商事(株),東京都大田区東嶺町41-17,24時間営業
Dr.Drive オートジョイ環七馬込SS / 垣見油化(株),東京都大田区東馬込2-19-7,08:00 - 20:00
Dr.Drive 中目黒SS / 二引(株),東京都目黒区中目黒3-1-1,07:30 - 20:00
青梅SS  / (株)NSコーポレーション,東京都青梅市河辺町6-30-9,08:30 - 19:30
中野SS / 渋谷石油(株),東京都中野区上高田2-1-7,07:00 - 22:00
羽村SS  / (株)NSコーポレーション,東京都羽村市神明台2-2-9,08:00 - 20:00
砂川SS / (株)NSコーポレーション,東京都立川市砂川町4-18-1,24時間営業
Dr.Drive 蓮沼SS / 二引(株),東京都大田区西蒲田7-16-3,08:00 - 19:00
Dr.Drive 北馬込SS / 日新商事(株),東京都大田区北馬込1-33-5,08:00 - 20:00
Dr.Drive 新田端SS / 日新商事(株),東京都北区田端新町3-13-9,08:00 - 21:00
Dr.Drive 王子SS / 日新商事(株),東京都北区王子1-27-12,08:00 - 20:00
Dr.Drive 高円寺SS / 日新商事(株),東京都杉並区高円寺南4-13-1,07:00 - 21:00
Dr.Drive 日野万願寺SS / (株)CAPITA,東京都日野市万願寺4-4-5,
プレミアムラウンジ戸越SS / 旭商事(株),東京都品川区平塚1-21-10,07:00 - 20:00
Dr.Drive オートジョイ吉祥寺SS / 垣見油化(株),東京都武蔵野市吉祥寺南町3-5-3,08:00 - 21:00
淡路町SS / 二引(株),東京都千代田区神田淡路町1-5,07:30 - 19:30
湯島SS / (株)CAPITA,東京都文京区湯島3-14-10,08:00 - 20:00
佃大橋SS / (株)CAPITA,東京都中央区月島1-3-9,09:00 - 20:00
巣鴨SS / (株)CAPITA,東京都豊島区巣鴨1-11-1,08:00 - 20:00
宮前SS / 日新商事(株),東京都杉並区宮前1-17-29,08:00 - 20:00
Dr.Drive 入船桜川SS / 日新商事(株),東京都中央区入船1-3-8,08:00 - 19:00
Dr.Drive 余丁SS / 日新商事(株),東京都新宿区余丁町8-14,07:30 - 20:00
Dr.Drive オートジョイ駒込SS / 垣見油化(株),東京都文京区本駒込5-38-7,08:30 - 19:30
飯田橋SS / 二引(株),東京都文京区後楽1-9-7,07:30 - 20:00
上野山伏町SS / 山田石油(株),東京都台東区北上野2-12-10,08:00 - 20:00
Dr.Drive 井草店 / (株)井口鉱油,東京都杉並区井草4-17-7,24時間営業
新池上SS / モービルオート(株),東京都大田区池上3-21-17,07:30 - 21:00
Dr.Drive セルフ調布店 / (株)ENEOSフロンティア,東京都調布市上石原1-45-2,24時間営業
Dr.Drive セルフ環七江北店 / (株)ENEOSフロンティア,東京都足立区江北6-4-10,24時間営業
Dr.Drive 白金店 / (株)ENEOSフロンティア,東京都港区白金台5-16-1,08:00 - 20:00
西新宿SS / 関東石油(株),東京都新宿区西新宿4-39-33,24時間営業
Dr.Drive セルフ滝野川SS / (株)荒木,東京都北区滝野川7-50-10,24時間営業
電化通りSS / (株)小高商事,東京都荒川区町屋4-36-8,07:00 - 20:00
Dr.Drive セルフ忠生店 / (株)ENEOSフロンティア,東京都町田市忠生1-21-5,24時間営業
Dr.Drive セルフカートピア青梅インターSS / (株)泰正社,東京都青梅市今井3-1-5,24時間営業
Dr.Drive セルフ八王子堀之内店 / (株)ENEOSフロンティア,東京都八王子市堀之内3-31-1,24時間営業
初台SS / ヤジマ石油(株),東京都渋谷区代々木4-58-6,07:00 - 21:00
セルフ春江町SS / (株)ナガイ,東京都江戸川区春江町4-16-4,24時間営業
セルフ雪が谷SS / 関東礦油(株),東京都大田区南雪谷2-1-8,24時間営業
セルフ田園調布SS / 昭和礦油(株),東京都世田谷区尾山台3-3-3,24時間営業
本天沼SS / 出光リテール販売(株),東京都杉並区本天沼2-47-12,02:00 - 25:00
セルフ石神井台SS / (株)吉田商店,東京都練馬区石神井台3-33-2,06:00 - 22:00
亀戸SS / 共栄石油(株),東京都江東区亀戸6-9-1,07:00 - 21:00
宇喜田第二SS / 共栄石油(株),東京都江戸川区西葛西4-2-1,07:00 - 23:00
西葛西SS / 共栄石油(株),東京都江戸川区西葛西3-7-29,24時間営業
ニュー和泉町SS / 安藤石油(株),東京都杉並区和泉3-58-21,08:00 - 21:00
亀戸SS / (株)長谷川,東京都江東区亀戸4-19-11,07:00 - 22:00
常盤台SS / ババウチ石油(株),東京都板橋区常盤台1-54,24時間営業
大塚SS / 山文商事(株),東京都文京区大塚3-28-6,08:00 - 21:00
Dr.Drive セルフカートピア青梅SS / (株)泰正社,東京都青梅市藤橋3-1-1,07:00 - 22:00
Dr.Drive セルフ羽店 / (株)ENEOSフロンティア,東京都羽村市羽加美1-29-9,24時間営業
Dr.Drive セルフ東神田SS / 隅田商事(株),東京都千代田区東神田1-16-9,24時間営業
Dr.Drive セルフ秋川店 / (株)ENEOSフロンティア,東京都あきる野市秋川6-16-3,24時間営業
Dr.Drive セルフ環八砧SS / 日新商事(株),東京都世田谷区砧2-1-2,24時間営業
Dr.Drive セルフ潮見公園店 / (株)ENEOSフロンティア,東京都江東区潮見1-3-2,24時間営業
Dr.Drive セルフ上井草店 / (株)ENEOSフロンティア,東京都杉並区上井草2-6-1,24時間営業
セルフNEW江東SS / (株)新出光,東京都江東区南砂2-31-13,24時間営業
セルフ池上SS / 昭和礦油(株),東京都大田区仲池上2-7-6,24時間営業
環七豊玉陸橋SS / (株)東日本宇佐美,東京都練馬区豊玉北3-15-1,24時間営業
明治通り新木場SS / (株)東日本宇佐美,東京都江東区新砂1-10-25,24時間営業
セルフ清水橋SS / (株)共栄オーメック,東京都渋谷区本町3-35-18,24時間営業
セルフR254中板橋SS / (株)共栄オーメック,東京都板橋区弥生町82-4,07:00 - 23:00
セルフ東砂SS / 山村産業(株),東京都江東区東砂2-16-4,06:00 - 22:00
中丸SS / (有)ペトロベスト,東京都板橋区中丸町43-1,07:00 - 21:00
新板橋SS / (有)ペトロベスト,東京都板橋区板橋2-41-7,07:00 - 20:00
天現寺SS / (株)千代田エネルギー,東京都港区南麻布4-13-4,08:00 - 20:00
Dr.Drive 松月院通り店 / 川端石油(株),東京都板橋区赤塚5-2-6,08:00 - 20:00
環七一之江SS / 共栄石油(株),東京都江戸川区一之江1-3-7,24時間営業
環七瑞江SS / 共栄石油(株),東京都江戸川区西瑞江5-1-1,24時間営業
Dr.Drive WE’LLヌクイSS / (株)松勇,東京都練馬区貫井4-16-4,07:00 - 21:00
南田中SS / (株)井口鉱油,東京都練馬区南田中4-13-26,24時間営業
EneJet真中SS / 関東燃料(株),東京都世田谷区駒沢1-13-14,24時間営業
大井町SS / (株)リブエナジーシステムズ,東京都品川区東大井2-1-10,24時間営業
城北SS / 城北石油(株),東京都北区神谷3-29-20,07:00 - 20:00
Dr.Drive セルフ西大島SS / (株)ソニックス,東京都江東区大島2-20-18,24時間営業
ソニックス Dr.Drive 東大島SS / (株)ソニックス,東京都江東区大島5-37-10,07:00 - 20:00
オートイン福生店 / 金桝石油(株),東京都福生市志茂16,07:00 - 20:00
Dr.Drive 江戸店 / 日新石油(株),東京都江戸川区南小岩3-24-16,07:30 - 20:00
セルフ足立六月SS / 清和石油販売(株),東京都足立区六月3-2-1,07:00 - 21:00
セルフ水元公園SS / ヤマヒロ(株),東京都葛飾区南水元4-8-9,24時間営業
環7亀有SS / 出光リテール販売(株),東京都足立区中川4-30-11,24時間営業
セルフ京葉口SS / 出光リテール販売(株),東京都江戸川区松江1-10-10,03:00 - 26:00
16号八王子インターSS / (株)東日本宇佐美,東京都八王子市宇津木町761-1,24時間営業
セルフ新宿目白SS / (株)東日本宇佐美,東京都新宿区下落合4-27-2,08:00 - 22:30
環七江戸川SS / (株)東日本宇佐美,東京都江戸川区大杉4-3-2,24時間営業
西新井大師前SS / (株)ENEOSジェネレーションズ,東京都足立区西新井7-1-1,24時間営業
EneJet金町SS / 中外石油(株),東京都葛飾区金町4-1-1,24時間営業
【navi】板橋SS / ナヴィ(株),東京都板橋区坂下3-4-2,07:00 - 22:00
246号つくし野横浜インターSS / (株)東日本宇佐美,東京都町田市つくし野4-36-1,24時間営業
Dr.Drive セルフ東久留米店 / (株)ENEOSフロンティア,東京都東久留米市八幡町1-1-63,24時間営業
尾山台SS / サンユエネルギー(株),東京都世田谷区尾山台3-6-3,07:00 - 21:00
Dr.Drive セルフ花小金井店 / (株)ENEOSフロンティア,東京都小平市花小金井3-21-10,24時間営業
ソニックス Dr.Drive 江東住吉SS / (株)ソニックス,東京都江東区住吉1-3-7,07:00 - 20:00
東調布SS / 高砂興産(株),東京都大田区鵜の木3-5-1,08:00 - 19:00
わくわくステーション立石SS / 坂上石油(株),東京都葛飾区立石8-18-17,07:00 - 19:00
Dr.Drive R6葛飾青戸SS / 共栄石油(株),東京都葛飾区青戸4-14-10,24時間営業
セルフ羽根木SS / 出光リテール販売(株),東京都世田谷区羽根木1-5-16,24時間営業
セルフ徳丸SS / イタバシ(株),東京都板橋区徳丸6-48-9,24時間営業
セルフ平和島口SS / 昭和礦油(株),東京都大田区大森本町1-9-11,24時間営業
セルフ日の出インターSS / ヤマヒロ(株),東京都西多摩郡日の出町平井18,24時間営業
セルフ調布南SS / 出光リテール販売(株),東京都調布市多摩川1-51-1,06:30 - 22:00
調布警察署前SS / ユニオン石油(株),東京都調布市国領町2-23-1,24時間営業
梅郷SS / (有)ホンダ,東京都青梅市梅郷6-1336,06:15 - 19:30
R6墨田向島SS / 共栄石油(株),東京都墨田区東向島6-1-4,24時間営業
北小岩SS / 井原商事(有),東京都江戸川区北小岩2-32-3,24時間営業
白鬚橋SS / 中外石油(株),東京都荒川区南千住3-12-9,24時間営業
六番町SS / 中外石油(株),東京都千代田区六番町2-2,07:30 - 20:00
船堀松江SS / 共栄石油(株),東京都江戸川区松江6-1-21,24時間営業
北千住SS / (株)井口油店,東京都足立区千住宮元町2-6,07:30 - 22:00
ふるーる拝島SS / (株)京南,東京都昭島市拝島町3-15-11,06:00 - 23:00
村山団地SS / (株)ENEOSジェネレーションズ,東京都東大和市芋窪6-1010,04:00 - 27:00
町田金森SS / 鶴見石油(株),東京都町田市金森3-21-15,24時間営業
オブリステーション青梅インター / 三愛リテールサービス(株),東京都青梅市新町6-19-1,04:00 - 27:00
Dr.Drive セルフ氷川下店 / (株)ENEOSフロンティア,東京都文京区大塚4-4-2,24時間営業
Dr.Drive 前野町店 / 川端石油(株),東京都板橋区前野町2-26-1,07:30 - 19:30
セルフ池袋SS / 幸伸興業(株),東京都豊島区池袋1-16-28,07:00 - 21:00
Dr.Drive セルフ駒沢店 / (株)ENEOSフロンティア,東京都世田谷区新町2-1-2,24時間営業
Dr.Drive セルフ環七堀ノ内店 / (株)ENEOSフロンティア,東京都杉並区和田2-39-3,24時間営業
三軒茶屋SS / 山文商事(株),東京都世田谷区三軒茶屋2-20-14,08:00 - 21:00
環七大原TS / (株)東日本宇佐美,東京都世田谷区大原2-11-10,24時間営業
セルフ大杉SS / 日之出石油販売(株),東京都江戸川区大杉1-10-16,24時間営業
上沼田SS / ヤジマ石油(株),東京都足立区鹿浜7-12-7,07:00 - 20:00
セルフ錦糸町SS / ヤマヒロ(株),東京都墨田区江東橋4-10-1,24時間営業
セルフ旗の台SS / 昭和礦油(株),東京都品川区旗の台1-3-21,24時間営業
セルフ十条台SS / (株)共栄オーメック,東京都北区上十条1-1-9,07:00 - 22:00
セルフ愛宕SS / 出光リテール販売(株),東京都多摩市愛宕4-9-15,03:00 - 26:00
亀有SS / 共栄石油(株),東京都葛飾区西亀有1-31-13,24時間営業
練馬北町SS / 中村石油(株),東京都練馬区錦2-17-8,08:00 - 21:00
宇喜田SS / 江戸川石油(株),東京都江戸川区西葛西4-6-16,06:00 - 21:00
京浜トラックターミナル平和島SS / (株)キタセキ,東京都大田区平和島2-1-1,24時間営業
セルフピュア大森 / コスモ石油販売(株),東京都大田区大森東1-1-21,24時間営業
セルフ大田SS / (株)新出光,東京都大田区南馬込3-13-13,24時間営業
こぶしSS / 出光リテール販売(株),東京都武蔵村山市三ツ藤3-7-3,03:00 - 26:00
セルフ上野毛SS / 明光石油(株),東京都世田谷区上野毛1-7-9,24時間営業
セルフ立川通りSS / ヤマヒロ(株),東京都国分寺市西町5-11-5,24時間営業
日の出SS / JAあきがわエネルギー(株),東京都西多摩郡日の出町平井2500-1,07:30 - 19:30
梅島SS / 東京日石(株),東京都足立区梅島1-26-20,09:00 - 20:00
八丈島SS / (名)菊池弘商店,東京都八丈町大賀郷1257,07:30 - 19:00
セルフピュア多摩ニュータウン / コスモ石油販売(株),東京都八王子市堀之内3-21-18,24時間営業
セルフ小金井橋SS / ヤマヒロ(株),東京都小平市御幸町354,24時間営業
セルフ千歳台SS / 昭和礦油(株),東京都世田谷区千歳台3-1-8,24時間営業
東京東部運輸事業協同組合,東京都江戸川区西一之江2-21-15,06:30 - 19:00
Dr.Drive ニュー浜松町店 / (株)ENEOSフロンティア,東京都港区浜松町1-18-16,08:00 - 19:00
Dr.Drive 杉並方南通り店 / (株)ENEOSフロンティア,東京都杉並区大宮2-6-6,08:00 - 20:00
Dr.Drive 環七大原店 / (株)ENEOSフロンティア,東京都杉並区和泉1-21-10,07:00 - 22:00
Dr.Drive セルフ大谷田店 / (株)ENEOSフロンティア,東京都足立区大谷田4-1-29,24時間営業
Dr.Drive セルフ荻窪店 / (株)ENEOSフロンティア,東京都杉並区南荻窪1-6-19,24時間営業
Dr.Drive セルフ日野店 / (株)ENEOSフロンティア,東京都日野市上田114-1,24時間営業
Dr.Drive 戸越店 / (株)ENEOSフロンティア,東京都品川区平塚1-2-4,07:00 - 22:00
Dr.Drive 赤塚公園店 / 川端石油(株),東京都板橋区高島平3-2-2,07:30 - 21:00
Dr.Drive セルフあきる野店 / (株)ENEOSフロンティア,東京都あきる野市秋川4-5-5,24時間営業
Dr.Drive 洗足池店 / (株)ENEOSフロンティア,東京都大田区上池台2-1-2,07:00 - 21:00
357号湾岸有明SS / (株)東日本宇佐美,東京都江東区東雲2-12-11,24時間営業
一之江ニューセブンSS / 共栄石油(株),東京都江戸川区一之江5-21-15,24時間営業
Dr.Drive セルフ松木店 / (株)ENEOSフロンティア,東京都八王子市松木29-2,24時間営業
Dr.Drive セルフ稲城市役所前店 / (株)ENEOSフロンティア,東京都稲城市東長沼2107-1,24時間営業
Dr.Drive セルフ稲城店 / (株)ENEOSフロンティア,東京都稲城市東長沼1215,24時間営業
Dr.Drive 芦花公園店 / (株)ENEOSフロンティア,東京都世田谷区八幡山2-25-7,07:00 - 21:00
Dr.Drive セルフ練馬インター店 / (株)ENEOSフロンティア,東京都練馬区谷原5-30-7,24時間営業
R14京葉篠崎インターSS / 共栄石油(株),東京都江戸川区篠崎町8-10-19,24時間営業
Dr.Drive セルフ第一京浜蒲田店 / (株)ENEOSフロンティア,東京都大田区仲六郷1-51,24時間営業
読売ランド通りSS / コトブキ商事(株),東京都稲城市矢野口2264,06:00 - 24:00
Dr.Drive セルフ枝川店 / (株)ENEOSフロンティア,東京都江東区枝川1-4-1,24時間営業
Dr.Drive 浜田山SS / (株)亀岡商会,東京都杉並区浜田山3-36-2,08:00 - 21:00
EneJet大泉学園店 / ババウチ石油(株),東京都練馬区大泉学園町7-7-18,24時間営業
Dr.Drive セルフ八王子SS / (株)荒木,東京都八王子市元横山町1-15,24時間営業
Dr.Drive 渋谷店 / (株)ENEOSフロンティア,東京都渋谷区渋谷2-16-1,08:00 - 21:00
Dr.Drive セルフ石神井SS / (株)荒木,東京都練馬区下石神井5-17-7,07:00 - 22:00
深大寺SS / 青木石油商事(株),東京都調布市深大寺東町8-15-7,07:00 - 20:00
Dr.Drive セルフ環七豊玉店 / (株)ENEOSフロンティア,東京都練馬区豊玉中2-13-11,24時間営業
Dr.Drive セルフ烏山店 / (株)ENEOSフロンティア,東京都世田谷区北烏山6-1-1,24時間営業
Dr.Drive セルフ深川店 / (株)ENEOSフロンティア,東京都江東区木場2-1-5,24時間営業
Dr.Drive セルフ環七目黒南店 / (株)ENEOSフロンティア,東京都目黒区南1-16-5,24時間営業
Dr.Drive 目黒SS / 青木石油商事(株),東京都目黒区碑文谷2-10-24,08:00 - 20:00
Dr.Drive セルフ小平店 / (株)ENEOSフロンティア,東京都小平市大沼町4-51-24,24時間営業
Dr.Drive セルフ保木間店 / (株)ENEOSフロンティア,東京都足立区保木間4-1-3,24時間営業
Dr.Drive セルフ八王子みなみ野店 / (株)ENEOSフロンティア,東京都八王子市小比企町3500-2,24時間営業
セルフ大森アベニューSS / ヤマヒロ(株),東京都大田区池上8-24-3,24時間営業
セルフ尾久SS / 昭和礦油(株),東京都北区昭和町2-4-15,24時間営業
セルフ喜多見SS / 出光リテール販売(株),東京都世田谷区喜多見5-10-10,24時間営業
セルフ善福寺SS / (株)上井草,東京都杉並区善福寺1-34-30,24時間営業
ルート6青戸SS / (株)湯浅,東京都葛飾区立石5-26-7,24時間営業
セルフ志村SS / 出光リテール販売(株),東京都板橋区志村1-12-24,24時間営業
セルフ品川SS / 出光リテール販売(株),東京都品川区北品川3-1-3,24時間営業
セルフ赤羽西SS / 平岩石油販売(株),東京都北区赤羽西6-10-19,07:00 - 21:00
環八谷原SS / (株)東日本宇佐美,東京都練馬区高野台4-14-17,24時間営業
柿の木坂SS / 忍田商事(株),東京都世田谷区野沢3-1-3,08:00 - 20:00
Dr.Drive 日本橋店 / (株)ENEOSフロンティア,東京都中央区日本橋小舟町2-5,08:00 - 19:00
Dr.Drive 清洲橋店 / (株)ENEOSフロンティア,東京都江東区清澄1-4-1,08:00 - 20:00
中河原SS / (有)ケイ・コーポレーション,東京都府中市住吉町4-11,08:00 - 19:00
Dr.Drive セルフ国立府中インター店 / (株)エノモト,東京都国立市谷保6-1-1,24時間営業
EOS回田SS / (株)エノモト,東京都小平市回田町282-2,24時間営業
Dr.Drive セルフ高幡不動SS / (株)荒木,東京都日野市三沢1-34-7,24時間営業
EneJet Dr.Drive 東大和SS / 東京オート(株),東京都東大和市立野1-998-1,24時間営業
Dr.Drive 聖ヶ丘店 / (株)ENEOSフロンティア,東京都多摩市聖ケ丘5-1418-7,07:00 - 22:00
Dr.Drive 東京インター店 / (株)ENEOSフロンティア,東京都世田谷区瀬田5-39-25,24時間営業
Dr.Drive 大泉西店 / (株)ENEOSフロンティア,東京都練馬区大泉学園町3-21-8,07:00 - 21:00
Dr.Drive セルフ八王子中野店 / (株)ENEOSフロンティア,東京都八王子市中野上町2-1-1,24時間営業
三鷹中央SS / (株)エノモト,東京都三鷹市井口3-6-16,07:00 - 22:00
EOS西三鷹SS / (株)エノモト,東京都三鷹市大沢3-4-11,24時間営業
EneJet Dr.Drive 高松SS / (株)松勇,東京都練馬区高松3-3-5,24時間営業
Dr.Drive 阿佐ヶ谷SS / サンユエネルギー(株),東京都杉並区阿佐谷北4-27-3,07:00 - 21:00
立川バイパスSS / 三協石油(株),東京都立川市富士見町6-13-1,
白金SS / 渋谷石油(株),東京都港区白金2-3-7,24時間営業
高円寺南SS / 渋谷石油(株),東京都杉並区高円寺南2-1-1,07:00 - 22:00
EneJet桜台SS / (有)ペトロベスト,東京都練馬区豊玉上2-5-6,07:00 - 23:00
大森SS / 渋谷石油(株),東京都大田区中央2-10-5,24時間営業
深沢SS / 関東燃料(株),東京都世田谷区駒沢5-14-9,07:00 - 23:00
椎名町SS / ババウチ石油(株),東京都豊島区南長崎5-4-3,24時間営業
高島平SS / (株)長谷川,東京都板橋区相生町21-21,07:00 - 21:30
尾山台SS / 関東燃料(株),東京都世田谷区等々力2-3-5,08:00 - 21:00
Dr.Drive セルフ永代橋エコSS / 隅田商事(株),東京都中央区新川1-29-14,24時間営業
Dr.Drive セルフ下落合駅前SS / 東新エナジー(株),東京都新宿区中落合2-8-15,24時間営業
世田谷SS / MAXエネルギー(株),東京都世田谷区桜新町2-30-10,08:00 - 20:00
Dr.Drive 東中野SS / (株)中野屋,東京都中野区東中野1-11-14,07:30 - 19:00
Dr.Drive 高島平店 / 川端石油(株),東京都板橋区高島平1-77-15,08:00 - 20:00
Dr.Drive 見次公園店 / 川端石油(株),東京都板橋区前野町3-21-6,07:30 - 20:00
府中SS / MAXエネルギー(株),東京都府中市天神町4-32-1,07:00 - 20:00
Dr.Drive セルフ目黒店 / (株)ENEOSフロンティア,東京都目黒区中町1-7-8,24時間営業
Dr.Drive 新町SS / 関東燃料(株),東京都世田谷区新町1-22-10,07:00 - 21:00
Dr.Drive 志村橋店 / 川端石油(株),東京都板橋区東坂下2-3-8,07:30 - 20:00
Dr.Drive セルフ清瀬店 / (株)ENEOSフロンティア,東京都清瀬市梅園2-8-16,24時間営業
Dr.Drive セルフ西東京店 / (株)ENEOSフロンティア,東京都西東京市中町1-3-6,24時間営業
Dr.Drive オブリステーション調布 / 三愛リテールサービス(株),東京都調布市飛田給2-33-6,04:00 - 26:00
Dr.Drive セルフ多摩南店 / (株)ENEOSフロンティア,東京都多摩市永山6-22-1,24時間営業
Dr.Drive セルフ都立大前店 / (株)ENEOSフロンティア,東京都八王子市上柚木2-8-7,24時間営業
Dr.Drive セルフ青梅店 / (株)ENEOSフロンティア,東京都青梅市新町1-18-11,24時間営業
Dr.Drive セルフ府中栄町店 / (株)ENEOSフロンティア,東京都府中市栄町2-20-5,24時間営業
Dr.Drive セルフ国立店 / (株)ENEOSフロンティア,東京都国立市青柳2-14-39,24時間営業
Dr.Drive セルフ三鷹店 / (株)ENEOSフロンティア,東京都三鷹市上連雀8-4-5,24時間営業
Dr.Drive 東村山店 / 日米ユナイテッド(株),東京都東村山市栄町3-5-24,08:00 - 20:00
サンライズ等々力SS / 山文商事(株),東京都世田谷区等々力4-24-14,07:30 - 21:00
Dr.Drive セルフ環七碑文谷店 / (株)ENEOSフロンティア,東京都目黒区南2-12-17,24時間営業
Dr.Drive セルフ環七板橋店 / (株)ENEOSフロンティア,東京都板橋区富士見町1-5,24時間営業
Dr.Drive セルフ府中SS / (株)荒木,東京都府中市是政2-2-43,24時間営業
Dr.Drive 新小岩SS / (株)ソニックス,東京都葛飾区奥戸4-19-20,07:00 - 20:00
セルフ綾瀬SS / (株)湯浅,東京都足立区東綾瀬1-25-2,07:00 - 22:00
亀戸SS / 出光リテール販売(株),東京都江東区亀戸9-24-19,24時間営業
セルフ関戸橋クルー19SS / 三信石油(株),東京都多摩市関戸3-1-7,24時間営業
哲学堂SS / 出光リテール販売(株),東京都中野区松が丘2-25-12,24時間営業
セルフ東四ツ木SS / イタバシ(株),東京都葛飾区東四つ木4-50-9,24時間営業
プラザ雪ケ谷SS / 富国石油販売(株),東京都大田区石川町2-7-4,07:30 - 20:30
セルフ玉堤クルー19SS / 三信石油(株),東京都世田谷区玉堤1-6-2,07:00 - 22:00
セルフ東金町SS / (株)湯浅,東京都葛飾区東金町4-28-15,24時間営業
稲城向陽台SS / 関東礦油(株),東京都稲城市百村2115-1,24時間営業
八雲SS / 出光リテール販売(株),東京都目黒区八雲5-13-19,08:00 - 20:00
セルフ高島平SS / 平岩石油販売(株),東京都板橋区高島平2-4-4,06:00 - 21:00
セルフ志村SS / 平岩石油販売(株),東京都板橋区坂下3-3-6,24時間営業
セルフ南蒲田SS / (株)鈴美商事,東京都大田区南蒲田3-1-2,24時間営業
練馬中央SS / (株)吉田商店,東京都練馬区北町7-8-1,07:30 - 19:30
いちごはうすSS / (株)カワサキ,東京都江戸川区鹿骨3-4-14,07:00 - 21:00
オブリステーション桜美林学園前 / 三愛リテールサービス(株),東京都町田市根岸町140-1,24時間営業
Dr.Drive セルフ環七山王店 / 日新石油(株),東京都大田区山王4-18-1,24時間営業
馬事公苑SS / (株)ENEOSジェネレーションズ,東京都世田谷区上用賀2-4-18,07:00 - 22:00
早稲田鶴巻SS / ババウチ石油(株),東京都文京区関口1-41-4,08:00 - 21:00
塩浜SS / 日産興業(株),東京都江東区塩浜2-1-3,07:30 - 18:30
代沢SS / 富士鉱油(株),東京都世田谷区代沢4-27-15,07:00 - 21:00
足立入谷インター・ターミナルSS / (株)東日本宇佐美,東京都足立区入谷6-1-1,24時間営業
Dr.Drive 村山第二SS / (株)指田商事,東京都武蔵村山市岸1-15-8,06:00 - 22:00
祐天寺SS / (株)佐藤商会,東京都目黒区上目黒5-30-1,08:00 - 19:00
セルフ南野SS / (株)ENEOSフロンティア,東京都多摩市南野3-12-1,24時間営業
16号瑞穂SS / (株)東日本宇佐美,東京都西多摩郡瑞穂町駒形富士山120-1,24時間営業
EOS恋ヶ窪SS / (株)エノモト,東京都国分寺市東恋ケ窪5-13-11,24時間営業
深大寺SS / 関東燃料(株),東京都調布市深大寺東町6-37-8,24時間営業
ニュー小宮SS / (株)ENEOSジェネレーションズ,東京都八王子市小宮町853-1,24時間営業
東久留米SS / 武蔵石油(株),東京都東久留米市柳窪3-1-16,24時間営業
上北沢SS / 関東燃料(株),東京都世田谷区上北沢4-17-15,24時間営業
関町SS / (株)ENEOSジェネレーションズ,東京都練馬区関町北2-3-6,06:00 - 23:00
池袋SS / 中央石油(株),東京都豊島区東池袋4-41-18,08:00 - 20:00
八王子バイパスSS / (株)ENEOSジェネレーションズ,東京都八王子市北野町566-13,24時間営業
大泉SS / 中央石油(株),東京都練馬区東大泉4-13-5,
春日町SS / 中央石油(株),東京都練馬区春日町2-5-19,06:00 - 24:00
セルフ西池袋SS / 三栄石油(株),東京都豊島区要町2-17-1,24時間営業
府中SS / 関東燃料(株),東京都府中市若松町2-1722,07:00 - 23:00
Dr.Drive 品川店 / (株)ENEOSフロンティア,東京都品川区東品川3-1-12,07:30 - 20:00
Dr.Drive 東久が原店 / (株)ENEOSフロンティア,東京都大田区久が原2-20-11,08:00 - 20:00
大森北SS / 山文商事(株),東京都大田区大森北4-15-12,07:30 - 21:00
Dr.Drive 中野哲学堂SS / サンユエネルギー(株),東京都中野区江古田1-38-19,07:00 - 20:00
アロピット綾瀬SS / 協和興業(株),東京都足立区綾瀬2-2-8,07:00 - 20:30
南篠崎SS / (有)矢島油店,東京都江戸川区南篠崎町1-19-8,07:00 - 20:00
Dr.Drive セルフ昭島北SS / 橋本産業(株),東京都昭島市武蔵野2-11-23,07:00 - 22:00
Dr.Drive カートピア田無SS / (株)泰正社,東京都西東京市北原町2-8-7,07:00 - 21:00
Dr.Drive 亀有駅前SS / 共栄石油(株),東京都葛飾区亀有5-45-6,06:00 - 22:00
Dr.Drive 西麻布SS / 青木石油商事(株),東京都港区西麻布3-24-15,04:00 - 27:00
Dr.Drive 池袋SS / (株)サントーコー,東京都豊島区南池袋2-49-7,07:30 - 21:00
Dr.Drive 本所SS / 青木石油商事(株),東京都墨田区太平1-18-22,24時間営業
薬師店 / 日新石油(株),東京都町田市野津田町2469,07:30 - 20:00
Dr.Drive セルフ町田木曽店 / (株)ENEOSフロンティア,東京都町田市木曽西3-6-8,24時間営業
Dr.Drive セルフ多摩境店 / (株)ENEOSフロンティア,東京都町田市小山ケ丘3-2-18,24時間営業
Dr.Drive セルフ環七足立店 / (株)ENEOSフロンティア,東京都足立区大谷田3-1-16,24時間営業
東京ゲートブリッジ若洲SS / (株)東日本宇佐美,東京都江東区新木場1-11-11,24時間営業
豊洲市場SS / (株)東日本宇佐美,東京都江東区豊洲6-3-6,24時間営業
EneJetニュー練馬SS / (有)ペトロベスト,東京都練馬区北町3-14-4,07:00 - 22:00
国分寺南SS / 渋谷石油(株),東京都国分寺市西元町2-7,07:00 - 22:00
蓮根町SS / (有)小川燃料,東京都板橋区蓮根2-1-11,07:00 - 20:00
セルフ鹿浜SS / 出光リテール販売(株),東京都足立区鹿浜3-23-9,24時間営業
日野SS / (株)馬場商会,東京都日野市日野本町4-3-8,08:00 - 20:00
セルフ本郷SS / 出光リテール販売(株),東京都文京区本郷3-2-10,24時間営業
セルフ相原SS / ヤマヒロ(株),東京都町田市相原町3351,24時間営業
日野南平SS / ヤマヒロ(株),東京都日野市南平4-19-1,24時間営業
セルフ大泉学園SS / イタバシ(株),東京都練馬区大泉学園町6-30-29,24時間営業
セルフ大久保SS / ヤマヒロ(株),東京都新宿区北新宿4-1-1,06:00 - 22:00
足立R4SS / 出光リテール販売(株),東京都足立区平野2-9-5,24時間営業
セルフ西台SS / イタバシ(株),東京都板橋区高島平1-28-13,24時間営業
セルフ西巣鴨SS / 出光リテール販売(株),東京都豊島区西巣鴨4-14-1,24時間営業
セルフ用賀中町SS / 昭和礦油(株),東京都世田谷区中町5-29-9,07:00 - 22:00
千歳町SS / (株)共栄オーメック,東京都墨田区千歳3-8-10,07:00 - 19:00
セルフ大田中央SS / (株)鈴美商事,東京都大田区中央3-3-1,24時間営業
平和島SS / (株)東日本宇佐美,東京都大田区平和島5-9-2,24時間営業
板橋SS / 平岩石油販売(株),東京都板橋区氷川町7-6,07:00 - 21:00
セルフ雨間SS / 出光リテール販売(株),東京都あきる野市雨間667,07:00 - 23:00
セルフ小平SS / (有)吉田商事,東京都小平市仲町200,24時間営業
セルフ福生SS / 出光リテール販売(株),東京都福生市熊川350,04:00 - 27:00
環七十条SS / (株)東日本宇佐美,東京都北区上十条5-5-1,24時間営業
セルフ目白通りSS / 出光リテール販売(株),東京都豊島区南長崎6-4-1,24時間営業
新青梅たなしSS / (株)東日本宇佐美,東京都西東京市芝久保町5-5-41,24時間営業
セルフ永代通り木場SS / (株)東日本宇佐美,東京都江東区木場2-7-1,06:00 - 21:00
ステージ21国分寺SS / 武蔵石油(株),東京都国分寺市南町1-14-12,24時間営業
オブリステーション東青梅 / 三愛リテールサービス(株),東京都青梅市師岡町4-13-3,24時間営業
オブリプラーザ下馬 / 三愛リテールサービス(株),東京都世田谷区下馬1-20-9,08:00 - 20:00
久留米SS / (有)貫井商事,東京都東久留米市大門町1-1-22,06:00 - 24:00
城山SS / 都南石油(有),東京都八王子市元八王子町2-1933-1,
大蔵SS / (株)ENEOSジェネレーションズ,東京都世田谷区砧3-1-1,24時間営業
西伊興SS / (有)セイウン,東京都足立区西伊興2-1-20,08:00 - 19:30
オートイン大門店 / 金桝石油(株),東京都青梅市大門2-183-11,07:00 - 23:00
レインボーブリッジ芝浦SS / (株)東日本宇佐美,東京都港区海岸3-7-13,07:00 - 19:00
柴又SS / (有)関森,東京都葛飾区柴又4-36-18,06:30 - 20:30
村山SS / (株)指田商事,東京都武蔵村山市学園5-32-3,06:00 - 21:00
葛西中央通りSS / 共栄石油(株),東京都江戸川区中葛西6-1-4,07:00 - 23:00
聖蹟桜ヶ丘SS / (同)タモツエナジー,東京都日野市百草290-1,24時間営業
多摩ニュータウンSS / (株)山藤石油店,東京都八王子市松木33-14,04:00 - 27:00
国立SS / (株)田辺石油商会,東京都国立市富士見台2-44-4,07:00 - 21:00
グリーンプラザ久留米SS / 武蔵石油(株),東京都東久留米市前沢4-5-3,24時間営業
上野毛SS / 日米石油(株),東京都世田谷区上野毛2-6-20,24時間営業
広尾SS / 日新石油(株),東京都渋谷区広尾5-1-34,07:30 - 20:00
赤羽環八SS / (株)三田商店,東京都北区赤羽北1-25-6,08:00 - 20:00
武蔵村山市役所前SS / (株)波多野石油,東京都武蔵村山市中央3-2-2,06:30 - 20:00
府中SS / (株)荒木,東京都府中市緑町3-7-1,
Dr.Drive 高輪店 / (株)ENEOSフロンティア,東京都港区高輪2-18-10,08:00 - 20:00
八王子美山SS / 菱美産業(株),東京都八王子市美山町1855,07:00 - 20:30
コミュニティーストア行船SS / 行船石油(株),東京都江戸川区北葛西2-10-25,24時間営業
セルフ17号板橋本町SS / (株)東日本宇佐美,東京都板橋区本町40-6,24時間営業
江古田SS / 渋谷石油(株),東京都中野区野方4-41-22,07:00 - 22:00
パークタウン光が丘SS / 間嶋運送(有),東京都練馬区高松5-10-3,06:30 - 20:00
駒沢SS / 東洋油脂(株),東京都世田谷区深沢6-3-1,08:00 - 20:00
シンエネ昭島SS / シンエネ商事(株),東京都昭島市拝島町1-17-26,06:00 - 24:00
セルフ碑文谷SS / 昭和礦油(株),東京都目黒区碑文谷5-14-18,07:00 - 22:00
セルフ高島屋前SS / ヤマヒロ(株),東京都渋谷区千駄ケ谷5-28-6,24時間営業
セルフ柴又SS / (株)ナガイ,東京都葛飾区柴又2-21-13,07:00 - 22:00
セルフ光が丘SS / 関東礦油(株),東京都練馬区田柄3-13-7,07:00 - 23:00
セルフ福生ナンバーワンSS / ヤマヒロ(株),東京都福生市加美平2-19-1,24時間営業
町田山崎SS / 関東礦油(株),東京都町田市木曽東4-32-39,07:00 - 23:00
セルフ船堀SS / 関東礦油(株),東京都江戸川区船堀5-6-5,24時間営業
セルフ一之江SS / ヤマヒロ(株),東京都江戸川区西一之江2-13-10,24時間営業
井草メイティSS / 出光リテール販売(株),東京都杉並区井草1-33-7,24時間営業
せるふ武蔵野SS / ヤマヒロ(株),東京都武蔵野市八幡町1-6-14,24時間営業
セルフ上板橋SS / イタバシ(株),東京都板橋区桜川3-25-12,24時間営業
セルフ調布インターSS / 関東礦油(株),東京都調布市下石原1-9-1,24時間営業
セルフ天王洲SS / 東和興産(株),東京都品川区東品川1-18-5,07:00 - 21:00
セルフ東坂下SS / 平岩石油販売(株),東京都板橋区東坂下1-4-1,07:00 - 22:00
足立入谷SS / (株)東日本宇佐美,東京都足立区入谷4-20-5,24時間営業
平井大橋SS / 深野石油販売(株),東京都江戸川区平井6-41-12,07:00 - 20:00
セルフ石川SS / 出光リテール販売(株),東京都八王子市石川町507-1,24時間営業
セルフコンコース陣馬SS / (株)ムラタ,東京都八王子市大楽寺町195-1,06:00 - 24:00
立川北SS / 出光リテール販売(株),東京都立川市曙町2-35-2,08:00 - 20:00
ひばりヶ丘SS / (株)一光,東京都東久留米市学園町2-1-27,07:00 - 20:00
セルフ羽田SS / (株)鈴美商事,東京都大田区羽田旭町3-1,24時間営業
セルフ大森R15SS / 東和興産(株),東京都大田区大森中1-17-22,01:00 - 24:00
セルフ多摩川SS / (株)鈴美商事,東京都大田区矢口3-8-12,24時間営業
池尻SS / 明光石油(株),東京都目黒区東山3-15-1,08:00 - 20:00
大南SS / 出光リテール販売(株),東京都武蔵村山市大南2-44-2,24時間営業
セルフさくら小金井SS / 出光リテール販売(株),東京都小金井市貫井南町1-8-18,07:00 - 22:00
セルフ多摩SS / 出光リテール販売(株),東京都多摩市乞田646,07:00 - 23:00
プリテール光が丘SS / (株)吉田商店,東京都練馬区高松5-17-7,24時間営業
セルフ荻窪SS / 出光リテール販売(株),東京都杉並区今川4-21-10,03:00 - 26:00
セルフ町田森野SS / 出光リテール販売(株),東京都町田市森野6-4-3,07:00 - 22:00
志村SS / 日米石油(株),東京都板橋区志村1-12-19,24時間営業
上北沢SS / (株)山藤石油店,東京都世田谷区上北沢4-23-18,24時間営業
府中ウェストSS / ユニオン石油(株),東京都府中市美好町2-3,24時間営業
野崎SS / 武蔵石油(株),東京都三鷹市野崎3-24-10,24時間営業
EneJet多摩SS / (株)札幌タヤス,東京都町田市小野路町3128-1,24時間営業
東麻布SS / 中外石油(株),東京都港区東麻布2-33-7,07:00 - 20:00
ルート16号横田SS / エネクスフリート(株),東京都西多摩郡瑞穂町むさし野3-2-1,24時間営業
オートイン千ヶ瀬店 / 金桝石油(株),東京都青梅市千ケ瀬町4-313-2,06:00 - 24:00
東神田SS / (有)セイウン,東京都千代田区東神田1-8-12,
新花畑SS / 河原実業(株),東京都足立区神明南1-11-10,07:00 - 21:00
(株)ダイワエナジー,東京都足立区入谷7-5-3,07:30 - 19:00
セルフ八王子鑓水SS / ミンバイ石油(株),東京都八王子市鑓水1400,24時間営業
葛西インターSS / 共栄石油(株),東京都江戸川区南葛西2-4-2,24時間営業
谷原SS / (株)ENEOSジェネレーションズ,東京都練馬区高松6-27-1,04:00 - 27:00
久留米ニュータウンSS / (株)ENEOSジェネレーションズ,東京都小平市大沼町4-50-1,04:00 - 27:00
八王子インターSS / ネクサスエナジー(株),東京都八王子市左入町697-1,24時間営業
瑞穂バイパスSS / (株)ENEOSジェネレーションズ,東京都西多摩郡瑞穂町富士山栗原新田253-1,24時間営業
八王子戸吹SS / (株)ENEOSジェネレーションズ,東京都八王子市戸吹町1469-1,24時間営業
新宿都庁南公園通りSS / 青木石油商事(株),東京都新宿区西新宿3-5-1,07:00 - 20:00
Dr.Drive セルフ環七大田店 / 日新石油(株),東京都大田区南馬込3-37-5,24時間営業
足立谷在家SS / 青木石油商事(株),東京都足立区西新井7-19-15,07:00 - 20:00
瑞江SS / (株)タジマ,東京都江戸川区西瑞江3-25-4,07:30 - 20:00
セルフ東京一SS / (有)芦田商店,東京都江戸川区谷河内2-10-13,07:00 - 20:00
日ノ出SS / (有)田中石油店,東京都西多摩郡日の出町平井2678,07:30 - 19:00
鹿浜SS / (株)エノモト,東京都足立区鹿浜1-10-14,08:00 - 20:00
Dr.Drive セルフ西芝浦SS / (株)サントーコー,東京都港区芝浦3-14-10,24時間営業
Dr.Drive セルフ芝公園SS / (株)サントーコー,東京都港区芝公園4-6-13,24時間営業
あきる野インターSS / 田口石油(株),東京都あきる野市油平193-1,04:00 - 26:00
板橋センターSS / (株)飯田商店,東京都板橋区板橋3-9-4,07:00 - 21:00
セルフ谷在家SS / ヤジマ石油(株),東京都足立区谷在家1-18-8,24時間営業
セルフ日本橋SS / ヤマヒロ(株),東京都中央区日本橋小網町18-12,07:00 - 22:00
セルフ赤坂SS / ヤマヒロ(株),東京都港区元赤坂1-1-8,24時間営業
白金SS / (株)渡邊油化,東京都港区高輪3-5-17,07:00 - 22:00
セルフ目白台SS / ヤマヒロ(株),東京都文京区目白台2-14-11,24時間営業
セルフ千束SS / 出光リテール販売(株),東京都台東区千束4-10-8,24時間営業
セルフ永代橋SS / ヤマヒロ(株),東京都江東区永代1-14-30,24時間営業
セルフ有明SS / 昭和礦油(株),東京都江東区有明1-2-18,24時間営業
セルフ千住SS / 出光リテール販売(株),東京都足立区千住河原町1-7,24時間営業
元狭山SS / (有)川口商店,東京都西多摩郡瑞穂町二本木781,07:00 - 20:30
セルフ調布ヶ丘SS / ヤマヒロ(株),東京都調布市調布ケ丘2-1-1,24時間営業
セルフ下連雀SS / ヤマヒロ(株),東京都三鷹市下連雀2-18-8,07:00 - 23:00
セルフラポート野火止SS / ヤマヒロ(株),東京都東久留米市下里6-5-87,24時間営業
八王子北野SS / ヤマヒロ(株),東京都八王子市北野町581-1,24時間営業
セルフ高田馬場SS / ヤマヒロ(株),東京都新宿区高田馬場4-32-3,08:00 - 22:00
セルフ西府SS / ヤマヒロ(株),東京都府中市本宿町1-43-1,24時間営業
セルフ三鷹新川SS / ヤマヒロ(株),東京都三鷹市新川2-10-24,24時間営業
セルフ武蔵村山SS / ヤマヒロ(株),東京都武蔵村山市伊奈平5-88-1,24時間営業
セルフ北砂SS / イタバシ(株),東京都江東区北砂2-1-28,24時間営業
BY調布深大寺SS / ヤマヒロ(株),東京都調布市深大寺北町1-2-4,24時間営業
BY青梅SS / ヤマヒロ(株),東京都青梅市野上町2-284-1,24時間営業
麻布SS / (株)共和ショップス,東京都港区東麻布2-30-6,08:00 - 21:30
白金プラチナ通りSS / 丸新石油(株),東京都港区白金台5-4-8,08:00 - 20:00
プレステージ東品川SS / 東和興産(株),東京都品川区東品川3-16-17,08:00 - 20:00
セルフ尾竹橋SS / (株)共栄オーメック,東京都荒川区町屋6-32-24,07:00 - 21:00
アイスペース深大寺SS / 田村産業(有),東京都調布市深大寺東町5-1-1,07:00 - 22:00
セルフ成瀬SS / 出光リテール販売(株),東京都町田市小川2-25-6,07:00 - 21:00
セルフ玉川上水SS / 出光リテール販売(株),東京都立川市幸町5-85-5,04:00 - 27:00
セルフコンコース元八SS / (株)ムラタ,東京都八王子市元八王子町1-471-1,05:00 - 24:00
セルフコンコース楢原SS / (株)ムラタ,東京都八王子市楢原町1137,24時間営業
立川南SS / 出光リテール販売(株),東京都立川市錦町5-18-10,07:00 - 22:00
府中緑町SS / 出光リテール販売(株),東京都府中市緑町1-17-2,24時間営業
プリテールプロント調布SS / 田村産業(有),東京都調布市深大寺北町6-52-2,24時間営業
府中分梅SS / 出光リテール販売(株),東京都府中市分梅町3-56-1,07:00 - 20:00
下高井戸SS / 出光リテール販売(株),東京都杉並区下高井戸1-6-8,07:00 - 21:30
セルフおくどSS / (株)コプローサいのうえ,東京都葛飾区奥戸8-24-6,24時間営業
プリテール小平東SS / 出光リテール販売(株),東京都小平市花小金井3-31-33,03:00 - 26:00
セルフ環七上馬SS / (株)東日本宇佐美,東京都世田谷区上馬2-4-9,24時間営業
セルフ小岩SS / (株)共栄オーメック,東京都江戸川区北小岩3-15-19,07:00 - 23:00
立川富士見SS / (株)東日本宇佐美,東京都立川市富士見町7-38-12,24時間営業
プロントカフェ府中SS / 田村産業(有),東京都府中市西原町2-24-1,24時間営業
セルフ柿の木坂SS / 丸新石油(株),東京都目黒区柿の木坂2-5-4,24時間営業
八王子元本郷SS / (株)ENEOSジェネレーションズ,東京都八王子市元本郷町1-6-1,24時間営業
練馬関町SS / (株)ENEOSジェネレーションズ,東京都練馬区関町南4-16-12,24時間営業
ラビングプラザSS / 佐藤商事(株),東京都国立市西1-4-6,08:00 - 20:00
学園金井SS / (株)ENEOSジェネレーションズ,東京都町田市金井町2941-4,04:00 - 27:00
板橋SS / ババウチ石油(株),東京都板橋区大山金井町54-4,07:00 - 21:00
西新井SS / マルイシ石油(株),東京都足立区西新井5-1-2,07:00 - 19:30
シンエネ八幡山SS / シンエネ商事(株),東京都世田谷区八幡山3-38-10,24時間営業
シンエネ板橋SS / シンエネ商事(株),東京都板橋区東山町30-2,24時間営業
あきる野多摩橋SS / 田口石油(株),東京都あきる野市平沢879,06:00 - 23:00
セルフ青井SS / 河原実業(株),東京都足立区青井1-17-1,07:00 - 20:00
リバーサイド江戸川SS / 共栄石油(株),東京都江戸川区江戸川5-9-1,06:00 - 22:00
Dr.Drive 鶴川店 / (株)ENEOSフロンティア,東京都町田市能ケ谷町295-1,
国分寺西SS / (有)げんきや,東京都国分寺市西町1-12-14,06:30 - 20:00
ENEOSジェイクエスト町田店 / (株)ENEOSジェイクエスト,東京都町田市小山ケ丘2-2-20,06:00 - 25:00
井荻SS / (株)山藤石油店,東京都杉並区井草3-19-19,24時間営業
松中団地SS / (有)貫井商事,東京都立川市一番町5-1-1,24時間営業
新宿新都心SS / 青木石油商事(株),東京都新宿区西新宿3-5-1,08:00 - 18:00
Dr.Drive 下丸子店 / (株)ENEOSフロンティア,東京都大田区下丸子4-1-7,07:30 - 20:00
西六郷SS / (株)一色商事,東京都大田区西六郷2-14-3,07:00 - 20:00
Dr.Drive 馬込店 / 日新石油(株),東京都大田区南馬込4-1-2,07:30 - 20:00
Dr.Drive セルフ下北沢店 / (株)ENEOSフロンティア,東京都世田谷区代沢4-45-5,24時間営業
大谷田SS / (有)大谷田石油,東京都足立区大谷田5-6-11,07:00 - 20:00
Dr.Drive セルフ南葛西店 / (株)ENEOSフロンティア,東京都江戸川区南葛西6-14-12,24時間営業
Dr.Drive 立川幸町店 / (株)ENEOSフロンティア,東京都立川市幸町1-32-1,07:00 - 22:00
Dr.Drive カ―トピア光ケ丘SS / (株)泰正社,東京都東大和市向原2-1-7,07:00 - 22:00
五日市第2SS / (有)私市石油店,東京都あきる野市戸倉177,08:00 - 20:00
Dr.Drive セルフカートピア東大和SS / (株)泰正社,東京都東大和市清水6-1135,06:00 - 23:00
Dr.Drive 五反田大崎SS / (株)サントーコー,東京都品川区東五反田3-20-12,24時間営業
Dr.Drive めじろ台店 / (株)ENEOSフロンティア,東京都八王子市めじろ台2-65-8,08:00 - 21:00
Dr.Drive セルフ下高井戸店 / (株)ENEOSフロンティア,東京都杉並区下高井戸1-11-13,24時間営業
練馬SS / (株)東日本宇佐美,東京都練馬区谷原1-9-2,24時間営業
セルフ谷河内SS / (有)芦田商店,東京都江戸川区谷河内1-17-25,24時間営業
Dr.Drive セルフ柿の木坂店 / (株)ENEOSフロンティア,東京都目黒区平町1-20-2,24時間営業
セルフピュア西八王子 / コスモ石油販売(株),東京都八王子市千人町4-12-1,24時間営業
福生SS / (株)サカエエネルギー,東京都福生市熊川764,08:00 - 20:00
オートインあきる野店 / 金桝石油(株),東京都あきる野市秋留1-2-1,07:00 - 23:00
ルート246横浜インター / (株)キタセキ,東京都町田市鶴間5-11-33,24時間営業
セルフピュア東栗原 / コスモ石油販売(株),東京都足立区青井6-21-8,24時間営業
エコ平和島SS / 昭和礦油(株),東京都大田区平和島5-2-1,08:00 - 22:00
町田SS / (株)高山商店,東京都町田市旭町1-25-23,
セルフ調布SS / 日之出石油販売(株),東京都調布市下石原3-59-2,24時間営業
セルフ市川橋SS / ヤマヒロ(株),東京都江戸川区北小岩1-19-13,24時間営業
セルフ代田橋SS / 出光リテール販売(株),東京都世田谷区大原2-27-15,24時間営業
セルフ松原SS / 出光リテール販売(株),東京都世田谷区松原6-42-9,24時間営業
セルフ阿佐ヶ谷SS / (株)新出光,東京都杉並区阿佐谷南3-9-4,24時間営業
セルフ小平SS / ヤマヒロ(株),東京都小平市小川東町5-2-6,24時間営業
セルフ弦巻SS / (株)渡邊油化,東京都世田谷区弦巻3-15-16,24時間営業
ルート11西新井SS / 出光リテール販売(株),東京都足立区西新井7-11-4,24時間営業
セルフ大塚SS / (株)渡邊油化,東京都豊島区東池袋4-39-14,24時間営業
セルフ春日町SS / イタバシ(株),東京都練馬区春日町2-4-22,24時間営業
セルフ等々力SS / 鈴美商事(株),東京都世田谷区等々力7-1-1,24時間営業
セルフ仲原SS / 出光リテール販売(株),東京都東大和市仲原4-22-34,07:00 - 23:00
羽村四面道給油所 / 伊吹アポロ(株),東京都羽村市緑ケ丘2-17-25,07:30 - 20:00
雑色SS / 川田商事(有),東京都大田区東六郷2-8-7,07:30 - 20:00
セルフ八王子SS / 出光リテール販売(株),東京都八王子市子安町3-26-2,24時間営業
プリテールプロント高瀬橋SS / 出光リテール販売(株),東京都町田市高ケ坂6-4-3,24時間営業
セルフ本町田SS / 出光リテール販売(株),東京都町田市本町田2284,02:00 - 25:00
南小岩SS / 宮崎石油(株),東京都江戸川区東小岩1-8-7,07:00 - 20:00
セルフ青井SS / (株)コプローサいのうえ,東京都足立区青井6-25-8,24時間営業
セルフ青梅新町SS / 出光リテール販売(株) ,東京都青梅市新町9-2207-1,04:00 - 27:00
セルフ中葛西SS / (株)矢作石油,東京都江戸川区中葛西2-27-15,24時間営業
セルフむさしの台給油所 / 伊吹アポロ(株),東京都福生市武蔵野台1-16-7,24時間営業
セルフ松木SS / 出光リテール販売(株),東京都八王子市松木33-1,07:00 - 23:00
セルフ瑞穂SS / 出光リテール販売(株),東京都西多摩郡瑞穂町殿ケ谷442,08:00 - 20:00
石神井SS / 大沢石油販売(株),東京都練馬区南田中1-22-18,08:00 - 19:00
宇喜田橋SS / 大高石油販売(株),東京都江戸川区宇喜田町1078,07:00 - 21:00
船堀SS / 大高石油販売(株),東京都江戸川区船堀7-13-19,07:00 - 20:00
大泉学園SS / (株)市川燃料店,東京都練馬区大泉学園町8-9-22,
マインドホース秋川SS / (株)南部燃料,東京都あきる野市野辺290-1,07:00 - 22:00
五日市SS / (有)松本商店,東京都あきる野市五日市126,07:00 - 20:00
御陵SS / (有)石川商事,東京都八王子市東浅川町42-1,
東瑞江SS / 日東石油(株),東京都江戸川区東瑞江1-3-14,06:00 - 23:00
国分寺西町SS / (株)安喜,東京都国分寺市西町2-29-2,08:00 - 22:00
松江給油所 / 須田油店,東京都江戸川区松江4-25-11,09:00 - 18:00
羽田SS / (株)シオドメオイル,東京都大田区羽田4-18-14,07:00 - 20:00
日野台SS / 荒木産業(株),東京都日野市多摩平6-41-5,07:00 - 21:00
清瀬SS / 松村石油(株),東京都清瀬市中里1-733,06:00 - 22:00
サンライズ東久留米SS / 成瀬商事(有),東京都東久留米市下里2-15-2,07:00 - 21:00
坂上SS / (有)並木商事,東京都西東京市東伏見4-3-16,
セルフ楢原SS / 大洋石油(株),東京都八王子市楢原町597-1,24時間営業
ステラ行船SS / 行船石油(株),東京都江戸川区西葛西1-13-1,24時間営業
千歳船橋SS / ネクサスエナジー(株),東京都世田谷区千歳台3-19-20,24時間営業
セルフエネックスSS / エネックス(株),東京都東村山市久米川町4-3-15,07:00 - 20:00
王子環七SS / 日之出石油販売(株),東京都北区神谷3-50-7,10:00 - 19:00
セルフステーション日本堤 / 日本ビンコ(有),東京都台東区日本堤1-38-1,04:00 - 27:00
セルフ日野台 / (株)オカモト,東京都日野市日野台2-41-2,04:00 - 26:00
セルフピュア東十条 / コスモ石油販売(株),東京都北区東十条4-11-4,24時間営業
セルフピュア秋川 / コスモ石油販売(株),東京都あきる野市秋川4-5-7,24時間営業
セルフピュア諏訪 / コスモ石油販売(株),東京都八王子市諏訪町74-1,24時間営業
セルフピュアなら原 / コスモ石油販売(株),東京都八王子市楢原町632-4,24時間営業
セルフピュア上野毛 / コスモ石油販売(株),東京都世田谷区上野毛1-28-10,24時間営業
セルフピュア尾山台 / コスモ石油販売(株),東京都世田谷区等々力1-30-18,24時間営業
セルフピュア町田 / コスモ石油販売(株),東京都町田市小山町837-7,24時間営業
セルフピュア練馬 / コスモ石油販売(株),東京都練馬区北町1-8-1,24時間営業
セルフピュア昭島 / コスモ石油販売(株),東京都昭島市上川原町2-10-1,24時間営業
セルフピュア昭島南 / コスモ石油販売(株),東京都昭島市大神町2-10-23,24時間営業
セルフピュア大井鹿島町 / コスモ石油販売(株),東京都品川区大井6-19-13,24時間営業
セルフピュア芝園橋 / コスモ石油販売(株),東京都港区芝3-12-1,24時間営業
セルフピュア狛江一の橋 / コスモ石油販売(株),東京都狛江市岩戸北4-12-28,24時間営業
セルフ万世橋SS / ヤマヒロ(株),東京都千代田区神田須田町1-5,24時間営業
セルフ平塚橋SS / 出光リテール販売(株),東京都品川区平塚2-11-16,24時間営業
セルフ向島SS / 出光リテール販売(株),東京都墨田区東向島6-64-4,24時間営業
セルフ駒沢通りSS / (株)鈴美商事,東京都目黒区五本木3-26-6,24時間営業
プリテール町田SS / 出光リテール販売(株),東京都町田市本町田1700,07:00 - 22:00
セルフ日野SS / 出光リテール販売(株),東京都日野市大坂上2-8-8,02:00 - 25:00
環七葛西インターSS / (株)東日本宇佐美,東京都江戸川区臨海町4-3-1,24時間営業
大岡山SS / 出光リテール販売(株),東京都目黒区南3-12-1,03:00 - 26:00
小作SS / (有)小作給油所,東京都羽村市羽西1-13-50,09:00 - 21:00
村山SS / (有)村山石油商会,東京都武蔵村山市大南1-4-5,
【navi】多摩川SS / ナヴィ(株),東京都大田区多摩川1-18-30,07:00 - 22:00
セルフかつしか6号SS / (株)ライフ白銅,東京都葛飾区白鳥2-20-20,24時間営業
SkyBlueEnergy白河GS / (株)日の丸リムジン,東京都江東区白河4-9-11,24時間営業
セルフ市ヶ谷店 / (株)ライフ白銅,東京都新宿区市谷船河原町8,24時間営業
Dr.Drive 相原店 / (株)カイト,東京都町田市相原町2171-1,24時間営業
九段SS / (株)千代田エネルギー,東京都千代田区飯田橋2-2-2,08:00 - 19:00
Dr.Drive 三ノ輪店 / 日新石油(株),東京都台東区根岸5-13-15,07:30 - 21:00
両国SS / 田実興産(株),東京都墨田区両国2-9-1,07:00 - 22:00
目黒本町SS / 青木石油商事(株),東京都目黒区目黒本町5-16-5,07:00 - 19:00
伊興町SS / (株)エネクル,東京都足立区西伊興4-6-29,07:00 - 21:00
アクア新宿SS / (株)大家商店,東京都新宿区新宿6-28-13,08:00 - 20:00
柴又SS / 田辺(株),東京都葛飾区鎌倉4-17-11,08:00 - 21:00
石原SS / 田実興産(株),東京都墨田区石原2-13-3,07:00 - 23:00
向島SS / 共栄石油(株),東京都墨田区八広2-49-14,07:30 - 21:00
Dr.Drive 笹塚SS / サンユエネルギー(株),東京都渋谷区笹塚1-53-17,24時間営業
青山中央SS / 出光リテール販売(株),東京都港区北青山1-3-6,24時間営業
ラリーポイント山吹SS / (株)大釿,東京都新宿区山吹町81-15,07:30 - 20:00
東十条駅前SS / (株)松勇,東京都北区東十条1-10-1,07:00 - 21:00
新河岸SS / 大東実業(株),東京都板橋区新河岸1-7-2,07:00 - 20:00
中野SS / さがみ商事(株),東京都中野区中野1-27-5,08:00 - 20:00
Dr.Drive 絹ヶ丘店 / (株)ENEOSフロンティア,東京都八王子市絹ケ丘1-23-3,07:00 - 21:00
花畑SS / (株)栃木屋商店,東京都足立区南花畑2-31-2,07:30 - 20:00
ルポサ千田SS / (有)大木油店,東京都江東区千田21-7,07:30 - 21:00
西尾久SS / 不二化学(株),東京都荒川区西尾久6-15-2,06:30 - 19:00
東保木間SS / (有)帝国鉱油,東京都足立区東保木間2-2-2,07:00 - 22:00
拝島駅北口前SS / (株)SHIRATORI,東京都福生市熊川1654,08:00 - 19:30
神田明神下SS / (株)ナカタニ,東京都千代田区外神田2-15-5,08:00 - 19:00
築地SS / 青木石油商事(株),東京都中央区築地3-11-4,07:00 - 20:00
町屋SS / (株)栃木屋商店,東京都荒川区町屋3-27-11,07:30 - 19:30
皿沼SS / (有)ウスバ石油,東京都足立区加賀1-22-17,08:00 - 20:00
【総合エネルギー】 曳舟SS / (有)新光給油所,東京都墨田区東向島2-47-12,07:00 - 19:30
セルフピュア新宿中央 / コスモ石油販売(株),東京都新宿区西新宿6-14-4,24時間営業
Dr.Drive セルフ椚田店 / (株)ENEOSフロンティア,東京都八王子市椚田町553-19,24時間営業
Dr.Drive セルフ足立佐野店 / (株)ENEOSフロンティア,東京都足立区佐野1-29-1,24時間営業
プラザ戸越SS / (株)菊池石油,東京都品川区豊町6-6-2,08:00 - 20:00
狛江SS / (株)ニシヤマ,東京都狛江市岩戸北4-19-11,06:30 - 20:00
恵比寿SS / ユニオン石油(株),東京都渋谷区恵比寿西2-6-7,08:00 - 20:00
CaReS代官山SS / (株)佐藤商会,東京都渋谷区代官山町9-8,08:00 - 20:00
Dr.Drive 新秋津店 / (株)ENEOSフロンティア,東京都東村山市秋津町1-25-1,07:00 - 22:00
梅田SS / 東京トレイディング(株),東京都足立区梅田2-8-9,07:00 - 21:00
Dr.Drive 新橋SS / 隅田商事(株),東京都港区新橋4-25-7,07:30 - 19:00
Dr.Drive 松涛SS / (株)亀岡商会,東京都渋谷区松濤2-8-13,08:00 - 21:00
Dr.Drive カートピア向台SS / (株)泰正社,東京都西東京市向台町1-16-20,07:00 - 21:00
北千住SS / 山村産業(株),東京都足立区千住中居町12-16,07:00 - 20:00
下町セルフ柴又SS / (株)共栄オーメック,東京都葛飾区柴又6-5-1,07:00 - 22:00
大塚SS / (株)林商会,東京都八王子市大塚1505,08:00 - 20:00
池袋SS / 東京燃料林産(株),東京都豊島区東池袋4-7-2,08:00 - 20:00
カレストステーション中野坂上 / (株)杉並モータース,東京都中野区本町2-46-4,24時間営業
麻布十番SS / 富士鉱油(株),東京都港区麻布十番1-9-1,07:30 - 22:00
CIARO SS / 田中燃料(株),東京都港区六本木3-3-11,07:30 - 21:00
上荻SS / (株)佐藤商会,東京都杉並区上荻2-20-5,08:00 - 19:00
CaReS中目黒SS / (株)佐藤商会,東京都目黒区上目黒1-7-13,08:00 - 20:00
大宮前SS / 関東燃料(株),東京都杉並区宮前5-25-3,07:00 - 22:00
Dr.Drive 茅場町SS / 隅田商事(株),東京都中央区日本橋茅場町3-1-11,07:30 - 19:00
Dr.Drive 本石町SS / 隅田商事(株),東京都中央区日本橋本石町4-3-7,07:30 - 19:00
ソニックス Dr.Drive 永住SS / (株)ソニックス,東京都台東区元浅草2-1-20,07:30 - 18:00
ソニックス Dr.Drive 南砂SS / (株)ソニックス,東京都江東区南砂1-5-12,07:00 - 20:00
Dr.Drive 平和島SS / (株)高橋商店,東京都大田区平和島5-10-5,06:30 - 20:30
ハイウェル上高井戸SS / (有)斉藤商店,東京都杉並区上高井戸1-23-2,08:00 - 21:00
Dr.Drive 月島SS / 東新エナジー(株),東京都中央区佃2-18-8,24時間営業
青山SS / 東新エナジー(株),東京都渋谷区神宮前3-39-7,08:00 - 20:00
Dr.Drive 羽田SS / (株)高橋商店,東京都大田区羽田旭町12-5,06:00 - 21:00
Dr.Drive 多摩中央店 / (株)ENEOSフロンティア,東京都多摩市関戸6-6-13,08:00 - 21:00
本郷SS / 旭商事(株),東京都文京区向丘1-7-11,08:00 - 20:00
浅草SS / (株)共栄オーメック,東京都台東区浅草5-7-4,07:00 - 19:00
石原町SS / (株)共栄オーメック,東京都墨田区石原4-37-10,07:30 - 19:30
西五反田SS / 大谷石油(株),東京都品川区西五反田7-23-1,08:00 - 20:00
武蔵関SS / 平岩石油販売(株),東京都練馬区関町北5-1-1,07:00 - 21:00
喜多見SS / (株)大勝,東京都世田谷区喜多見2-8-2,06:00 - 19:00
ニュー八丈島SS / 八丈交通(株),東京都八丈町大賀郷2322,08:00 - 18:00
半蔵門SS / 豊陽興産(株),東京都千代田区隼町2-11,07:00 - 20:00
秋葉原SS / 田実興産(株),東京都台東区台東1-31-12,08:00 - 19:00
月島SS / (株)橋本富士商会,東京都中央区月島2-6-12,06:00 - 19:00
南砂SS / (有)平林油店,東京都江東区南砂3-4-5,07:00 - 21:00
ウィング森ケ崎SS / (株)河原商店,東京都大田区大森南3-17-13,
亀有SS / (有)市村商店,東京都葛飾区亀有2-57-3,08:00 - 20:00
八王子インター入口SS / 石森石油(株),東京都八王子市尾崎町348-1,05:30 - 20:00
竜泉24SS / 京浜商事(株),東京都台東区竜泉2-17-10,07:00 - 22:00
高島平21SS / 丸富興業(株),東京都板橋区高島平9-11-1,08:00 - 20:00
御徒町SS / (株)共栄オーメック,東京都台東区東上野1-26-6,07:30 - 19:00
小茂根SS / 平岩石油販売(株),東京都板橋区小茂根5-15-5,07:00 - 20:00
竹の塚SS / (株)渡辺燃料店,東京都足立区西竹の塚2-13-19,07:00 - 20:00
花畑中央SS / (株)古橋商店,東京都足立区南花畑2-7-3,08:00 - 20:00
旭ヶ丘SS / 出光リテール販売(株),東京都八王子市大和田町1-21-1,08:00 - 20:00
プレステージ三ノ輪SS / 東和興産(株),東京都荒川区南千住5-11-1,03:00 - 25:00
西荻南SS / 大光石油(株),東京都杉並区松庵2-16-1,06:00 - 21:00
ニュー府中SS / (有)村野商店,東京都府中市若松町1-1-10,06:00 - 20:00
小川町SS / (有)師岡石油,東京都小平市小川町1-136-1,
保木間SS / 中外石油(株),東京都足立区保木間1-19-5,08:00 - 19:00
千住新橋ランプ前SS / ヤオキン商事(株),東京都足立区足立1-3-12,24時間営業
麹町SS / 富士鉱油(株),東京都千代田区麹町2-2-30,07:30 - 21:00
本所SS / 田中燃料(株),東京都墨田区本所3-2-1,07:30 - 19:00
呑川橋SS / (株)田代油店,東京都大田区大森中2-15-12,07:00 - 21:00
一ツ家SS / 河原実業(株),東京都足立区一ツ家1-21-21,07:00 - 20:00
桜堤SS / (有)杉商,東京都武蔵野市境5-24-17,07:30 - 21:00
戸山町SS / 日駐ビル石油販売(株),東京都新宿区戸山3-15-1,06:30 - 20:00
上富士前SS / 穴水(株),東京都文京区本駒込5-72-10,08:00 - 18:00
鐘淵SS / 鐘淵商事(株),東京都墨田区墨田5-1-1,07:30 - 19:00
下丸子SS / (有)中村油店,東京都大田区千鳥3-20-1,06:30 - 19:30
わくわくステーション鷺宮SS / 坂上石油(株),東京都中野区上鷺宮3-16-7,07:00 - 19:00
アロピット舎人SS / 平柳商店,東京都足立区舎人5-12-16,08:00 - 20:00
本木町SS / (有)福澄鉱油店,東京都足立区本木1-6-13,08:00 - 20:00
一之江インターチェンジSS / 江商石油(株),東京都江戸川区一之江2-11-1,07:30 - 21:00
若葉町SS / (有)モリサン石油,東京都調布市若葉町3-8-1,07:30 - 20:00
新島SS / (有)新島燃料,東京都新島村本村6-2-13,
日本橋浜町SS / (株)トウモウ,東京都中央区日本橋浜町3-2-4,07:00 - 19:00
綾瀬川SS / 小林油店,東京都足立区青井6-8-20,08:00 - 20:00
西新橋SS / (株)CSソリューションズ,東京都港区西新橋2-18-4,07:30 - 19:00
KEIHIN芝SS / 京浜商事(株),東京都港区芝1-10-11,24時間営業
セルフステーション成瀬 / 太陽石油(株),東京都町田市成瀬8-9-16,24時間営業
小石川SS / (有)渡辺商店,東京都文京区小石川1-3-24,07:30 - 19:00
向柳原SS / (株)小林茂商店,東京都台東区浅草橋5-10-6,08:00 - 19:30
和泉本町SS / (株)ニシヤマ,東京都狛江市和泉本町1-25-6,07:30 - 20:00
富ヶ谷SS / 昭和礦油(株),東京都渋谷区富ケ谷2-20-3,24時間営業
八王子みなみ野SS / 関東礦油(株),東京都八王子市みなみ野2-2,24時間営業
日本橋カズヲスタンドSS / 明光石油(株),東京都中央区日本橋小網町7-10,24時間営業
新橋SS / 北海興業(株),東京都港区新橋6-4-9,07:00 - 19:00
菅原橋SS / 酒井源商店,東京都江戸川区中央3-16-19,08:00 - 14:00
高木SS / (有)吉田商事,東京都東大和市高木1-83,07:00 - 21:00
檜原SS / 谷合石油,東京都西多摩郡檜原村上元郷393,08:00 - 19:30
元町北SS / (株)岡山商店,東京都大島町元町4-15-3,08:00 - 18:00
山下SS / (株)阪上,東京都八丈町樫立2805-1,07:30 - 18:30
護神SS / (株)護神,東京都八丈町三根418-1,08:00 - 18:00
散田SS / 出光リテール販売(株),東京都八王子市散田町5-21-13,07:00 - 21:00
多摩エコステーションSS / 多摩興運(株),東京都多摩市貝取1450,07:00 - 20:00
堤通SS / (有)ヤマキ,東京都墨田区墨田2-2-5,
押上SS / (株)百瀬商店,東京都墨田区業平4-14-3,
新小岩第一SS / ケイノ石油(株),東京都江戸川区松島3-41-8,07:00 - 21:00
西綾瀬SS / 田中商事(株),東京都足立区西綾瀬2-4-1,07:00 - 20:30
蛎殻町SS / (株)大釿,東京都中央区日本橋蛎殻町1-34-9,08:00 - 19:00
新宿御苑前SS / 共栄石油(株),東京都新宿区四谷4-30-10,08:00 - 20:00
南六郷SS / 山一石油(株),東京都大田区本羽田1-17-9,07:00 - 19:00
志村中央SS / (株)サンベスト東信,東京都板橋区志村3-31-18,08:00 - 21:00
千住曙町SS / (株)平林恒雄商店,東京都足立区千住曙町37-2,08:00 - 19:00
新小岩サニーSS / 東栄興産(株),東京都葛飾区奥戸4-3-11,08:00 - 19:00
八王子インターSS / (株)京南,東京都八王子市左入町173,24時間営業
台東中央SS / (株)杉田商店,東京都台東区浅草橋5-11-3,07:30 - 19:00
天神橋SS / (有)荒木油店,東京都墨田区太平4-7-10,08:00 - 19:00
東吾嬬SS / (有)平林商店,東京都墨田区立花1-23-4,07:30 - 20:00
大森東五丁目SS / (株)田代油店,東京都大田区大森東5-1-4,
椿SS / (有)田辺石油,東京都足立区椿2-23-4,07:00 - 19:00
新船堀橋SS / (株)大野石油,東京都江戸川区東小松川4-23-7,07:30 - 19:00
みずえSS / 江商石油(株),東京都江戸川区東瑞江2-41-5,08:00 - 20:00
川口町SS / 三田石油(株),東京都八王子市川口町3274,
多摩ニュータウンSS / (有)永山石油,東京都多摩市永山1-2-11,08:00 - 20:00
奥多摩SS / (有)和井田商会,東京都西多摩郡奥多摩町氷川177,07:30 - 19:00
宮原SS / (有)神津島燃料,東京都神津島村1720,
三宅島産興SS / (株)三宅島産興商会,東京都三宅村阿古675,07:30 - 18:00
八丈坂上SS / (株)松代自動車工場,東京都八丈町中之郷2385,07:30 - 18:30
木場SS / 江東鉱産(株),東京都江東区木場6-4-7,07:00 - 20:00
父島SS / 小笠原商事(有),東京都小笠原村父島西町11-1,07:00 - 17:30
金杉SS / (株)かまや石油,東京都台東区根岸5-1-14,07:00 - 19:00
竜泉寺SS / 坂本自動車工業(株),東京都台東区竜泉2-4-8,10:00 - 17:00
福生駅前SS / (有)古谷商店,東京都福生市福生643-1,08:00 - 19:00
クルー19小金井SS / 三信石油(株),東京都小金井市貫井北町2-8-17,08:00 - 20:00
赤坂中央SS / 丸新石油(株),東京都港区赤坂7-6-43,07:00 - 22:00
村松大島SS / 村松興業(株),東京都大島町差木地字クダッチ無番地,08:00 - 18:00
元町南SS / (株)岡山商店,東京都大島町元町2-12-1,07:30 - 19:00
差木地SS / 石田商店,東京都大島町差木地2,07:00 - 19:00
三宅島SS / (株)今関商会,東京都三宅村坪田5023,07:00 - 18:00
八丈島SS / (株)今関商会,東京都八丈町大賀郷1522-1,07:30 - 18:30
小台SS / (株)関口商会,東京都荒川区西尾久3-19-1,07:30 - 19:00
府中東SS / (有)庭商店,東京都府中市白糸台3-24,07:00 - 20:00
セルフ昭島SS / 東京燃料林産(株),東京都昭島市武蔵野2-6-18,07:00 - 20:00
上沼田SS / (有)田村商店,東京都足立区鹿浜7-10-12,
西尾久SS / (有)上中里石油,東京都荒川区西尾久7-53-5,08:30 - 18:00
向島SS / (有)藤井油店,東京都墨田区向島4-24-2,
戸越SS / 花岡石油(株),東京都品川区戸越5-16-10,08:00 - 19:00
西日暮里SS / (有)尾川商会,東京都荒川区西日暮里6-13-4,07:00 - 19:00
神津島SS / (有)シミズ商会,東京都神津島村1491,07:30 - 17:30
北の山SS / (株)菊池商店,東京都大島町元町字風待31-45,08:00 - 17:30
十一屋SS / 十一屋酒店,東京都青ヶ島村無番地,08:00 - 19:00
新宿早稲田SS / 天山石油商会(株),東京都新宿区喜久井町45,
小川町SS / 共栄石油(株),東京都千代田区神田錦町1-16,07:30 - 19:30
神保町SS / 共栄石油(株),東京都千代田区神田神保町1-18-16,07:30 - 19:30
神楽坂SS / 共栄石油(株),東京都新宿区東五軒町4-12,07:30 - 19:00
上野動物園前SS / 富士オイル(株),東京都台東区池之端4-15-2,08:00 - 18:30
富ヶ谷SS / (株)佐藤商会,東京都渋谷区富ケ谷1-15-1,08:00 - 22:00
青梅藤橋SS / 青梅オートサービス興業(株),東京都青梅市藤橋3-7-4,07:00 - 20:00
小平喜平町SS / 滝島商事(株),東京都小平市喜平町1-2-22,
奥多摩SS / (有)小林石油,東京都西多摩郡奥多摩町丹三郎25-1,07:00 - 19:30
クダッチSS / (株)三崎屋商店,東京都大島町差木地字クダッチ,
御蔵SS / 御蔵島漁業協同組合,東京都御蔵島村無番地,
千住柳町SS / (有)大和屋油店,東京都足立区千住柳町4-5,07:00 - 20:00
岡田SS / (株)カワシマ,東京都大島町岡田字榎戸16-1,
京浜島SS / (株)尾田商店,東京都大田区京浜島2-3-1,
秋葉原SS / 鈴善(株),東京都千代田区神田佐久間町2-5,07:30 - 18:00
東日本橋SS / (株)トウモウ,東京都中央区東日本橋3-5-11,08:00 - 20:00
大和清澄SS / 大和物産(株),東京都江東区白河1-5-11,07:30 - 20:00
東糀谷SS / (株)松昭礦油,東京都大田区東糀谷5-15-3,
二子玉川SS / 大和物産(株) ,東京都世田谷区鎌田3-8-11,07:00 - 22:00
弦巻町SS / 相愛鉱油(株),東京都世田谷区弦巻2-30-11,
東王子SS / (有)樋口商店,東京都北区豊島3-13-10,07:00 - 20:00
保木間東SS / 伊弘石油(株),東京都足立区花畑1-6-1,
宮城SS / (有)アデ川油店,東京都足立区宮城1-36-10,
アロピット奥戸SS / 松江屋商店,東京都葛飾区奥戸2-44-1,
飯塚橋SS / (有)飯塚橋給油所,東京都葛飾区水元1-1-2,
上平井SS / 寺島商事(株),東京都葛飾区西新小岩5-19-1,
東堀切SS / (株)セキグチ商事,東京都葛飾区東堀切3-2-12,
篠崎SS / (有)新富石油,東京都江戸川区篠崎町4-1-19,
成木SS / (有)野口商店,東京都青梅市成木2-128-2,07:00 - 19:00
青梅日向和田SS / (株)フクダオイル,東京都青梅市日向和田3-526,07:00 - 19:30
廻田SS / (株)かいば,東京都東村山市廻田町4-5-2,
秋川SS / 山王商事(有),東京都西多摩郡檜原村上元郷457-2,07:30 - 19:00
大島元町SS / (有)白石石油,東京都大島町元町1-11-4,07:30 - 18:45
伊豆大島SS / 東海自動車サービス,東京都大島町元町3-10-4,
大島SS / (有)中部自動車興業 ,東京都大島町元町字地の岡64-5,
三宅島SS / 三宅島交通(株),東京都三宅村神着225,
八丈SS / (株)八丈給油所,東京都八丈町三根1954-2,
寿SS / マルダイ礦油(株),東京都台東区寿1-5-9,08:00 - 19:00
ライフモア町田SS / (株)高木商店 ,東京都町田市図師町3297-1,
世田谷市場SS / (有)双信商事,東京都世田谷区大蔵1-4-1,05:30 - 18:00
東府中SS / 吉野石油(有),東京都府中市若松町2-37-1,
秋津SS / (株)アザース,東京都東村山市秋津町3-46-17,
葛西運輸センターSS / 江戸川運輸施設(協),東京都江戸川区臨海町4-2-1,06:00 - 21:00
寿町SS / (株)北村商店,東京都台東区寿2-9-9,08:00 - 19:00
大井埠頭給油所 / エネクスフリート(株),東京都大田区東海5-5-3,24時間営業
西日暮里SS / (有)太田砿油店,東京都荒川区西日暮里1-35-5,08:00 - 19:00
新島SS / (株)宮原,東京都新島村本村1-6-5,
三宅島SS / (有)七島商事,東京都三宅村坪田5017,
三宅島SS / (有)沖山揆一郎商店,東京都三宅村阿古700-5,07:30 - 18:00
ニュー大森SS / 河原木石油(株),東京都大田区大森北5-10-16,07:30 - 20:00
浮間町SS / (有)高木石油,東京都北区浮間5-9-13,07:00 - 19:00
ルート411左入町SS / 内山石油店,東京都八王子市左入町425,10:00 - 17:00
成木SS / (有)金子石油,東京都青梅市成木5-627,07:00 - 19:00
大田市場SS / 大田市場石油(株),東京都大田区東海3-2-9,05:00 - 18:00
国分寺光町SS / (有)諸井商店,東京都国分寺市光町1-23-2,08:30 - 18:00
御園給油所 / (有)由良油店,東京都大田区新蒲田1-12-5,07:00 - 19:00
狛江田中橋SS / 大久保商事(株),東京都狛江市中和泉3-29-15,
宮城町SS / 竹野燃料店,東京都足立区宮城1-28-21,06:30 - 20:00
羽田整備地区SS / (株)JALエアテック,東京都大田区羽田空港3-5-6,08:00 - 18:00
【navi】エコノ金井SS / ナヴィ(株),東京都町田市金井8-17-7,07:00 - 21:00
利島PS / (有)土屋燃料運送店,東京都利島村25,
式根島SS / 井上燃料店,東京都新島村式根島218-1,
小笠原島漁協GS / 小笠原島漁業協同組合,東京都小笠原諸島小笠原村父島字奥村,
佐藤燃料店,東京都小笠原諸島小笠原村母島字元地,
鹿骨SS / 愛宕興産(株),東京都江戸川区鹿骨5-19-1,07:00 - 20:00
